"Date","Open","High","Low","Close"
"Jun 07, 2022","$22.10","$22.30","$21.87","$22.30"
"Jun 06, 2022","$21.99","$22.53","$21.90","$22.18"
"Jun 03, 2022","$22.34","$22.49","$21.85","$21.96"
"Jun 02, 2022","$21.86","$22.38","$21.77","$22.38"
"Jun 01, 2022","$21.57","$21.98","$21.44","$21.84"
"May 31, 2022","$22.01","$22.04","$21.49","$21.59"
"May 30, 2022","$22.13","$22.29","$21.92","$21.99"
"May 27, 2022","$22.04","$22.46","$21.95","$22.15"
"May 26, 2022","$21.99","$22.09","$21.73","$22.09"
"May 25, 2022","$22.18","$22.19","$21.75","$22.05"
"May 24, 2022","$21.81","$22.22","$21.68","$22.18"
"May 23, 2022","$21.83","$22.20","$21.68","$21.86"
"May 20, 2022","$21.95","$22.09","$21.61","$21.78"
"May 19, 2022","$21.43","$22.00","$21.29","$21.99"
"May 18, 2022","$21.65","$21.76","$21.38","$21.44"
"May 17, 2022","$21.64","$21.93","$21.52","$21.65"
"May 16, 2022","$21.12","$21.69","$20.85","$21.65"
"May 13, 2022","$20.71","$21.16","$20.47","$21.14"
"May 12, 2022","$21.59","$21.67","$20.63","$20.69"
"May 11, 2022","$21.29","$21.97","$21.25","$21.59"
"May 10, 2022","$21.80","$22.11","$21.19","$21.28"
"May 09, 2022","$22.35","$22.40","$21.70","$21.81"
"May 06, 2022","$22.52","$22.65","$22.11","$22.39"
"May 05, 2022","$23.04","$23.29","$22.33","$22.52"
"May 04, 2022","$22.43","$23.10","$22.22","$23.00"
"May 03, 2022","$22.66","$22.85","$22.43","$22.59"
"May 02, 2022","$22.77","$22.89","$22.13","$22.65"
"Apr 29, 2022","$23.16","$23.57","$22.69","$22.77"
"Apr 28, 2022","$23.32","$23.42","$22.90","$23.35"
"Apr 27, 2022","$23.53","$23.70","$23.25","$23.29"
"Apr 26, 2022","$23.64","$23.94","$23.41","$23.54"
"Apr 25, 2022","$24.13","$24.25","$23.41","$23.50"
"Apr 22, 2022","$24.66","$24.68","$24.06","$24.17"
"Apr 21, 2022","$25.21","$25.21","$24.33","$24.44"
"Apr 20, 2022","$25.20","$25.30","$24.90","$25.14"
"Apr 19, 2022","$25.88","$26.01","$25.07","$25.21"
"Apr 18, 2022","$25.65","$26.23","$25.63","$25.88"
"Apr 15, 2022","$25.68","$25.70","$25.34","$25.34"
"Apr 14, 2022","$25.75","$25.88","$25.30","$25.68"
"Apr 13, 2022","$25.39","$25.84","$25.36","$25.76"
"Apr 12, 2022","$25.10","$25.62","$24.88","$25.39"
"Apr 11, 2022","$24.77","$25.38","$24.68","$25.12"
"Apr 08, 2022","$24.61","$24.82","$24.38","$24.79"
"Apr 07, 2022","$24.46","$24.67","$24.25","$24.65"
"Apr 06, 2022","$24.36","$24.58","$24.13","$24.47"
"Apr 05, 2022","$24.56","$24.96","$24.23","$24.35"
"Apr 04, 2022","$24.64","$24.86","$24.29","$24.57"
"Apr 01, 2022","$24.82","$24.87","$24.43","$24.65"
"Mar 31, 2022","$24.90","$25.10","$24.58","$24.84"
"Mar 30, 2022","$24.80","$25.08","$24.71","$24.83"
"Mar 29, 2022","$24.88","$25.02","$23.97","$24.80"
"Mar 28, 2022","$25.49","$25.62","$24.80","$24.84"
"Mar 25, 2022","$25.57","$25.73","$25.27","$25.56"
"Mar 24, 2022","$25.12","$25.86","$24.97","$25.53"
"Mar 23, 2022","$24.79","$25.22","$24.68","$25.14"
"Mar 22, 2022","$25.21","$25.39","$24.58","$24.79"
"Mar 21, 2022","$25.02","$25.32","$24.89","$25.21"
"Mar 18, 2022","$25.39","$25.45","$24.84","$24.99"
"Mar 17, 2022","$25.12","$25.55","$25.02","$25.39"
"Mar 16, 2022","$24.92","$25.12","$24.48","$25.11"
"Mar 15, 2022","$25.09","$25.13","$24.55","$24.92"
"Mar 14, 2022","$25.96","$25.96","$24.94","$25.07"
"Mar 11, 2022","$25.93","$26.01","$25.42","$25.87"
"Mar 10, 2022","$25.79","$26.08","$25.32","$25.93"
"Mar 09, 2022","$26.44","$26.79","$25.41","$25.79"
"Mar 08, 2022","$25.69","$26.96","$25.37","$26.44"
"Mar 07, 2022","$25.90","$26.16","$25.30","$25.69"
"Mar 04, 2022","$25.20","$25.75","$25.06","$25.74"
"Mar 03, 2022","$25.29","$25.49","$24.98","$25.20"
"Mar 02, 2022","$25.42","$25.45","$24.88","$25.29"
"Mar 01, 2022","$24.47","$25.55","$24.29","$25.42"
"Feb 28, 2022","$24.65","$24.69","$24.10","$24.47"
"Feb 25, 2022","$24.24","$24.51","$23.88","$24.25"
"Feb 24, 2022","$24.56","$25.63","$23.85","$24.24"
"Feb 23, 2022","$24.11","$24.60","$24.04","$24.56"
"Feb 22, 2022","$24.00","$24.37","$23.91","$24.11"
"Feb 21, 2022","$24.13","$24.13","$23.70","$24.00"
"Feb 18, 2022","$23.84","$24.10","$23.69","$23.94"
"Feb 17, 2022","$23.59","$23.93","$23.43","$23.84"
"Feb 16, 2022","$23.38","$23.67","$23.29","$23.59"
"Feb 15, 2022","$23.87","$23.99","$23.08","$23.38"
"Feb 14, 2022","$23.59","$23.95","$23.53","$23.87"
"Feb 11, 2022","$23.20","$23.70","$22.87","$23.60"
"Feb 10, 2022","$23.32","$23.72","$23.14","$23.20"
"Feb 09, 2022","$23.20","$23.36","$23.10","$23.32"
"Feb 08, 2022","$23.02","$23.27","$22.78","$23.20"
"Feb 07, 2022","$22.53","$23.11","$22.53","$23.02"
"Feb 04, 2022","$22.43","$22.68","$22.12","$22.52"
"Feb 03, 2022","$22.66","$22.68","$22.01","$22.43"
"Feb 02, 2022","$22.65","$22.87","$22.47","$22.66"
"Feb 01, 2022","$22.47","$23.05","$22.41","$22.65"
"Jan 31, 2022","$22.45","$22.65","$22.26","$22.47"
"Jan 28, 2022","$22.77","$22.83","$22.16","$22.46"
"Jan 27, 2022","$23.52","$23.61","$22.58","$22.77"
"Jan 26, 2022","$23.82","$23.98","$23.45","$23.52"
"Jan 25, 2022","$24.01","$24.02","$23.61","$23.82"
"Jan 24, 2022","$24.26","$24.32","$23.57","$24.01"
"Jan 21, 2022","$24.48","$24.59","$24.18","$24.28"
"Jan 20, 2022","$24.16","$24.71","$24.08","$24.48"
"Jan 19, 2022","$23.48","$24.22","$23.40","$24.16"
"Jan 18, 2022","$23.03","$23.64","$22.82","$23.48"
"Jan 17, 2022","$22.97","$23.12","$22.84","$23.03"
"Jan 14, 2022","$23.09","$23.32","$22.83","$22.98"
"Jan 13, 2022","$23.15","$23.28","$23.00","$23.09"
"Jan 12, 2022","$22.79","$23.23","$22.65","$23.15"
"Jan 11, 2022","$22.48","$22.82","$22.45","$22.79"
"Jan 10, 2022","$22.36","$22.53","$22.20","$22.48"
"Jan 07, 2022","$22.19","$22.45","$21.95","$22.34"
"Jan 06, 2022","$22.80","$22.84","$22.01","$22.19"
"Jan 05, 2022","$23.05","$23.27","$22.73","$22.80"
"Jan 04, 2022","$22.91","$23.11","$22.65","$23.05"
"Jan 03, 2022","$23.36","$23.41","$22.68","$22.91"
"Dec 31, 2021","$23.05","$23.36","$23.05","$23.32"
"Dec 30, 2021","$22.83","$23.12","$22.61","$23.05"
"Dec 29, 2021","$23.02","$23.17","$22.60","$22.83"
"Dec 28, 2021","$23.07","$23.44","$22.97","$23.02"
"Dec 27, 2021","$22.87","$23.13","$22.65","$23.07"
"Dec 24, 2021","$22.91","$23.07","$22.89","$23.00"
"Dec 23, 2021","$22.80","$22.94","$22.66","$22.91"
"Dec 22, 2021","$22.51","$22.84","$22.45","$22.80"
"Dec 21, 2021","$22.27","$22.80","$22.19","$22.51"
"Dec 20, 2021","$22.40","$22.48","$22.20","$22.27"
"Dec 17, 2021","$22.48","$22.69","$22.37","$22.39"
"Dec 16, 2021","$22.09","$22.54","$21.92","$22.48"
"Dec 15, 2021","$21.96","$22.13","$21.43","$22.09"
"Dec 14, 2021","$22.34","$22.36","$21.70","$21.96"
"Dec 13, 2021","$22.20","$22.43","$22.15","$22.34"
"Dec 10, 2021","$21.97","$22.24","$21.83","$22.19"
"Dec 09, 2021","$22.43","$22.48","$21.87","$21.97"
"Dec 08, 2021","$22.50","$22.57","$22.32","$22.43"
"Dec 07, 2021","$22.40","$22.61","$22.24","$22.50"
"Dec 06, 2021","$22.60","$22.67","$22.14","$22.40"
"Dec 03, 2021","$22.40","$22.60","$22.04","$22.56"
"Dec 02, 2021","$22.34","$22.51","$22.23","$22.40"
"Dec 01, 2021","$22.84","$23.04","$22.19","$22.34"
"Nov 30, 2021","$22.92","$23.32","$22.70","$22.85"
"Nov 29, 2021","$23.18","$23.45","$22.76","$22.92"
"Nov 26, 2021","$23.61","$23.74","$22.93","$23.13"
"Nov 25, 2021","$23.56","$23.74","$23.53","$23.61"
"Nov 24, 2021","$23.68","$23.70","$23.34","$23.56"
"Nov 23, 2021","$24.18","$24.33","$23.28","$23.68"
"Nov 22, 2021","$24.64","$24.89","$24.11","$24.18"
"Nov 19, 2021","$24.81","$24.99","$24.56","$24.63"
"Nov 18, 2021","$25.08","$25.17","$24.69","$24.81"
"Nov 17, 2021","$24.83","$25.22","$24.82","$25.08"
"Nov 16, 2021","$25.07","$25.41","$24.78","$24.83"
"Nov 15, 2021","$25.35","$25.39","$24.92","$25.07"
"Nov 12, 2021","$25.25","$25.40","$24.86","$25.32"
"Nov 11, 2021","$24.64","$25.27","$24.51","$25.25"
"Nov 10, 2021","$24.32","$25.14","$24.07","$24.64"
"Nov 09, 2021","$24.48","$24.49","$24.04","$24.32"
"Nov 08, 2021","$24.21","$24.53","$24.06","$24.48"
"Nov 05, 2021","$23.80","$24.19","$23.63","$24.19"
"Nov 04, 2021","$23.54","$24.05","$23.45","$23.80"
"Nov 03, 2021","$23.58","$23.63","$23.03","$23.56"
"Nov 02, 2021","$24.06","$24.07","$23.40","$23.54"
"Nov 01, 2021","$23.91","$24.14","$23.76","$24.05"
"Oct 29, 2021","$24.10","$24.11","$23.66","$23.92"
"Oct 28, 2021","$24.08","$24.26","$23.97","$24.08"
"Oct 27, 2021","$24.17","$24.26","$23.84","$24.07"
"Oct 26, 2021","$24.59","$24.59","$23.88","$24.17"
"Oct 25, 2021","$24.35","$24.63","$24.31","$24.58"
"Oct 22, 2021","$24.16","$24.83","$24.13","$24.36"
"Oct 21, 2021","$24.32","$24.49","$24.01","$24.17"
"Oct 20, 2021","$23.68","$24.43","$23.58","$24.32"
"Oct 19, 2021","$23.22","$24.13","$23.19","$23.67"
"Oct 18, 2021","$23.34","$23.46","$23.02","$23.20"
"Oct 15, 2021","$23.54","$23.60","$23.08","$23.32"
"Oct 14, 2021","$23.12","$23.59","$22.91","$23.52"
"Oct 13, 2021","$22.59","$23.26","$22.48","$23.09"
"Oct 12, 2021","$22.62","$22.78","$22.35","$22.57"
"Oct 11, 2021","$22.70","$22.83","$22.50","$22.59"
"Oct 08, 2021","$22.61","$23.20","$22.44","$22.67"
"Oct 07, 2021","$22.78","$22.82","$22.40","$22.61"
"Sep 28, 2021","$22.64","$22.68","$22.11","$22.47"
"Sep 27, 2021","$22.54","$22.86","$22.41","$22.64"
"Sep 24, 2021","$22.54","$22.81","$22.12","$22.46"
"Sep 23, 2021","$22.58","$22.89","$22.48","$22.51"
"Sep 22, 2021","$22.52","$23.15","$22.48","$22.69"
"Sep 21, 2021","$22.29","$22.73","$22.25","$22.49"
"Sep 20, 2021","$22.42","$22.52","$22.04","$22.29"
"Sep 17, 2021","$22.93","$23.14","$22.34","$22.41"
"Sep 16, 2021","$23.84","$23.97","$22.61","$22.91"
"Sep 15, 2021","$23.86","$23.92","$23.67","$23.85"
"Sep 14, 2021","$23.75","$23.97","$23.44","$23.87"
"Sep 13, 2021","$23.79","$23.86","$23.39","$23.75"
"Sep 10, 2021","$24.06","$24.31","$23.74","$23.77"
"Sep 09, 2021","$23.98","$24.30","$23.85","$24.04"
"Sep 08, 2021","$24.34","$24.42","$23.92","$23.96"
"Sep 07, 2021","$24.70","$24.83","$24.17","$24.32"
"Sep 06, 2021","$24.78","$24.83","$24.65","$24.67"
"Sep 03, 2021","$23.91","$24.88","$23.89","$24.74"
"Sep 02, 2021","$24.15","$24.23","$23.80","$23.91"
"Sep 01, 2021","$23.93","$24.28","$23.76","$24.16"
"Aug 31, 2021","$24.04","$24.22","$23.82","$23.91"
"Aug 30, 2021","$24.08","$24.23","$23.92","$24.04"
"Aug 27, 2021","$23.58","$24.13","$23.35","$24.03"
"Aug 26, 2021","$23.85","$23.88","$23.45","$23.57"
"Aug 25, 2021","$23.89","$23.90","$23.59","$23.85"
"Aug 24, 2021","$23.65","$23.96","$23.55","$23.88"
"Aug 23, 2021","$23.04","$23.70","$22.98","$23.65"
"Aug 20, 2021","$23.26","$23.34","$22.89","$23.05"
"Aug 19, 2021","$23.53","$23.56","$23.10","$23.25"
"Aug 18, 2021","$23.68","$23.84","$23.30","$23.53"
"Aug 17, 2021","$23.86","$23.97","$23.58","$23.68"
"Aug 16, 2021","$23.76","$23.91","$23.43","$23.86"
"Aug 13, 2021","$23.21","$23.84","$23.18","$23.77"
"Aug 12, 2021","$23.59","$23.59","$23.01","$23.21"
"Aug 11, 2021","$23.36","$23.60","$23.22","$23.55"
"Aug 10, 2021","$23.49","$23.68","$23.25","$23.35"
"Aug 09, 2021","$24.35","$24.40","$22.35","$23.45"
"Aug 06, 2021","$25.17","$25.21","$24.21","$24.36"
"Aug 05, 2021","$25.41","$25.52","$25.09","$25.17"
"Aug 04, 2021","$25.53","$26.02","$25.34","$25.40"
"Aug 03, 2021","$25.46","$25.61","$25.25","$25.55"
"Aug 02, 2021","$25.53","$25.65","$25.31","$25.42"
"Jul 30, 2021","$25.56","$25.65","$25.35","$25.50"
"Jul 29, 2021","$24.98","$25.81","$24.98","$25.52"
"Jul 28, 2021","$24.72","$25.02","$24.63","$24.98"
"Jul 27, 2021","$25.23","$25.41","$24.50","$24.70"
"Jul 26, 2021","$25.19","$25.45","$25.13","$25.21"
"Jul 23, 2021","$25.45","$25.48","$25.01","$25.20"
"Jul 22, 2021","$25.29","$25.47","$25.02","$25.43"
"Jul 21, 2021","$24.97","$25.32","$24.77","$25.29"
"Jul 20, 2021","$25.20","$25.29","$24.82","$24.94"
"Jul 19, 2021","$25.68","$25.77","$25.01","$25.20"
"Jul 16, 2021","$26.35","$26.46","$25.61","$25.70"
"Jul 15, 2021","$26.45","$26.45","$26.17","$26.35"
"Jul 14, 2021","$26.00","$26.47","$25.95","$26.26"
"Jul 13, 2021","$26.23","$26.36","$25.95","$25.99"
"Jul 12, 2021","$26.12","$26.29","$25.88","$26.21"
"Jul 09, 2021","$25.94","$26.22","$25.78","$26.13"
"Jul 08, 2021","$26.16","$26.23","$25.82","$25.96"
"Jul 07, 2021","$26.16","$26.45","$25.99","$26.15"
"Jul 06, 2021","$26.51","$26.78","$26.02","$26.16"
"Jul 05, 2021","$26.50","$26.63","$26.38","$26.48"
"Jul 02, 2021","$26.05","$26.57","$25.99","$26.49"
"Jul 01, 2021","$26.13","$26.41","$25.96","$26.04"
"Jun 30, 2021","$25.78","$26.16","$25.71","$26.13"
"Jun 29, 2021","$26.12","$26.13","$25.53","$25.78"
"Jun 28, 2021","$26.19","$26.24","$25.80","$26.12"
"Jun 25, 2021","$25.97","$26.31","$25.92","$26.14"
"Jun 24, 2021","$25.89","$26.18","$25.83","$25.96"
"Jun 23, 2021","$25.78","$26.31","$25.77","$25.89"
"Jun 22, 2021","$25.97","$26.05","$25.70","$25.79"
"Jun 21, 2021","$25.90","$26.09","$25.56","$25.97"
"Jun 18, 2021","$25.90","$26.51","$25.77","$25.81"
"Jun 17, 2021","$26.94","$27.26","$25.78","$25.89"
"Jun 16, 2021","$27.66","$27.84","$26.63","$27.01"
"Jun 15, 2021","$27.87","$27.90","$27.41","$27.68"
"Jun 14, 2021","$27.98","$28.03","$27.48","$27.86"
"Jun 11, 2021","$28.02","$28.30","$27.90","$27.93"
"Jun 10, 2021","$27.80","$28.04","$27.40","$28.02"
"Jun 09, 2021","$27.63","$28.01","$27.53","$27.79"
"Jun 08, 2021","$27.90","$27.99","$27.52","$27.64"
"Jun 07, 2021","$27.78","$27.96","$27.49","$27.90"
"Jun 04, 2021","$27.44","$27.86","$27.24","$27.81"
"Jun 03, 2021","$28.18","$28.25","$27.05","$27.46"
"Jun 02, 2021","$27.90","$28.20","$27.70","$28.19"
"Jun 01, 2021","$28.10","$28.56","$27.84","$27.89"
"May 31, 2021","$27.94","$28.15","$27.89","$28.05"
"May 28, 2021","$27.85","$27.99","$27.41","$27.93"
"May 27, 2021","$27.70","$27.90","$27.51","$27.85"
"May 26, 2021","$28.00","$28.24","$27.61","$27.69"
"May 25, 2021","$27.79","$28.04","$27.48","$28.00"
"May 24, 2021","$27.57","$27.91","$27.47","$27.77"
"May 21, 2021","$27.78","$28.08","$27.21","$27.59"
"May 20, 2021","$27.74","$28.01","$27.41","$27.78"
"May 19, 2021","$28.19","$28.25","$27.38","$27.75"
"May 18, 2021","$28.19","$28.76","$28.02","$28.20"
"May 17, 2021","$27.42","$28.30","$27.36","$28.18"
"May 14, 2021","$27.11","$27.50","$26.83","$27.45"
"May 13, 2021","$27.02","$27.26","$26.73","$27.10"
"May 12, 2021","$27.62","$27.71","$26.97","$27.02"
"May 11, 2021","$27.31","$27.67","$27.11","$27.63"
"May 10, 2021","$27.53","$27.89","$27.25","$27.30"
"May 07, 2021","$27.32","$27.69","$27.15","$27.48"
"May 06, 2021","$26.52","$27.47","$26.19","$27.32"
"May 05, 2021","$26.53","$26.64","$26.11","$26.51"
"May 04, 2021","$26.90","$27.12","$26.10","$26.53"
"May 03, 2021","$25.98","$27.00","$25.82","$26.92"
"Apr 30, 2021","$26.11","$26.20","$25.81","$25.93"
"Apr 29, 2021","$26.20","$26.49","$25.72","$26.11"
"Apr 28, 2021","$26.28","$26.31","$25.84","$26.19"
"Apr 27, 2021","$26.22","$26.47","$26.06","$26.28"
"Apr 26, 2021","$26.01","$26.23","$25.87","$26.23"
"Apr 23, 2021","$26.16","$26.41","$25.86","$26.03"
"Apr 22, 2021","$26.55","$26.60","$25.99","$26.18"
"Apr 21, 2021","$25.84","$26.65","$25.78","$26.55"
"Apr 20, 2021","$25.84","$26.10","$25.70","$25.85"
"Apr 19, 2021","$25.96","$26.24","$25.64","$25.83"
"Apr 16, 2021","$25.85","$26.31","$25.76","$25.99"
"Apr 15, 2021","$25.43","$26.00","$25.33","$25.85"
"Apr 14, 2021","$25.35","$25.54","$25.21","$25.43"
"Apr 13, 2021","$24.82","$25.49","$24.69","$25.36"
"Apr 12, 2021","$25.27","$25.29","$24.71","$24.82"
"Apr 09, 2021","$25.47","$25.51","$25.00","$25.28"
"Apr 08, 2021","$25.16","$25.63","$24.98","$25.48"
"Apr 07, 2021","$25.16","$25.29","$24.87","$25.16"
"Apr 06, 2021","$24.90","$25.31","$24.78","$25.19"
"Apr 05, 2021","$25.02","$25.09","$24.62","$24.89"
"Apr 02, 2021","$24.98","$24.98","$24.98","$24.98"
"Apr 01, 2021","$24.42","$24.98","$24.26","$24.98"
"Mar 31, 2021","$24.03","$24.54","$23.79","$24.41"
"Mar 30, 2021","$24.68","$24.75","$23.86","$24.05"
"Mar 29, 2021","$25.08","$25.10","$24.46","$24.68"
"Mar 26, 2021","$25.08","$25.27","$24.88","$25.07"
"Mar 25, 2021","$25.11","$25.20","$24.42","$25.07"
"Mar 24, 2021","$25.05","$25.37","$24.99","$25.10"
"Mar 23, 2021","$25.76","$25.84","$25.02","$25.05"
"Mar 22, 2021","$26.19","$26.19","$25.42","$25.75"
"Mar 19, 2021","$26.09","$26.33","$25.88","$26.25"
"Mar 18, 2021","$26.31","$26.65","$25.84","$26.08"
"Mar 17, 2021","$25.96","$26.53","$25.77","$26.31"
"Mar 16, 2021","$26.25","$26.32","$25.84","$25.95"
"Mar 15, 2021","$26.10","$26.31","$25.81","$26.25"
"Mar 12, 2021","$26.14","$26.18","$25.40","$25.94"
"Mar 11, 2021","$26.22","$26.47","$25.85","$26.14"
"Mar 10, 2021","$25.91","$26.23","$25.56","$26.22"
"Mar 09, 2021","$25.14","$26.14","$25.05","$25.93"
"Mar 08, 2021","$25.24","$25.94","$24.96","$25.13"
"Mar 05, 2021","$25.37","$25.47","$24.84","$25.24"
"Mar 04, 2021","$26.13","$26.32","$25.07","$25.35"
"Mar 03, 2021","$26.79","$26.84","$25.84","$26.13"
"Mar 02, 2021","$26.59","$26.91","$25.85","$26.80"
"Mar 01, 2021","$26.68","$27.09","$26.45","$26.58"
"Feb 26, 2021","$27.44","$27.61","$26.14","$26.68"
"Feb 25, 2021","$27.97","$28.22","$27.29","$27.42"
"Feb 24, 2021","$27.67","$28.04","$27.33","$28.00"
"Feb 23, 2021","$28.18","$28.34","$27.25","$27.66"
"Feb 22, 2021","$27.28","$28.29","$27.28","$28.14"
"Feb 19, 2021","$27.03","$27.62","$26.11","$27.28"
"Feb 18, 2021","$27.39","$27.54","$26.88","$27.04"
"Feb 17, 2021","$27.26","$27.43","$26.87","$27.40"
"Feb 16, 2021","$27.64","$27.97","$26.84","$27.25"
"Feb 15, 2021","$27.38","$27.72","$27.38","$27.64"
"Feb 12, 2021","$26.98","$27.45","$26.87","$27.38"
"Feb 11, 2021","$27.05","$27.31","$26.72","$26.99"
"Feb 10, 2021","$27.30","$27.54","$26.83","$27.02"
"Feb 09, 2021","$27.30","$27.82","$27.07","$27.27"
"Feb 08, 2021","$26.95","$27.59","$26.86","$27.29"
"Feb 05, 2021","$26.36","$27.06","$26.21","$26.95"
"Feb 04, 2021","$26.89","$26.95","$25.91","$26.34"
"Feb 03, 2021","$26.73","$27.21","$26.50","$26.89"
"Feb 02, 2021","$29.11","$29.11","$26.29","$26.67"
"Feb 01, 2021","$27.05","$30.11","$27.05","$29.02"
"Jan 29, 2021","$26.51","$27.66","$26.06","$27.05"
"Jan 28, 2021","$25.28","$26.98","$24.88","$26.53"
"Jan 27, 2021","$25.50","$25.51","$24.71","$25.29"
"Jan 26, 2021","$25.35","$25.67","$25.20","$25.50"
"Jan 25, 2021","$25.49","$25.78","$25.17","$25.36"
"Jan 22, 2021","$25.94","$25.99","$25.04","$25.49"
"Jan 21, 2021","$25.84","$26.06","$25.65","$25.97"
"Jan 20, 2021","$25.22","$25.89","$25.04","$25.85"
"Jan 19, 2021","$25.36","$25.42","$24.97","$25.21"
"Jan 18, 2021","$24.76","$25.36","$24.06","$25.36"
"Jan 15, 2021","$25.52","$25.81","$24.59","$24.76"
"Jan 14, 2021","$25.21","$25.91","$25.06","$25.54"
"Jan 13, 2021","$25.57","$25.70","$25.13","$25.22"
"Jan 12, 2021","$24.93","$25.65","$24.93","$25.58"
"Jan 11, 2021","$25.43","$25.54","$24.35","$24.93"
"Jan 08, 2021","$27.13","$27.23","$24.48","$25.43"
"Jan 07, 2021","$27.33","$27.38","$26.93","$27.15"
"Jan 06, 2021","$27.59","$27.94","$26.61","$27.31"
"Jan 05, 2021","$27.26","$27.70","$27.01","$27.58"
"Jan 04, 2021","$26.45","$27.58","$26.45","$27.28"
"Jan 01, 2021","$26.43","$26.43","$26.42","$26.42"
"Dec 31, 2020","$26.67","$26.73","$26.23","$26.45"
"Dec 30, 2020","$26.21","$26.66","$26.16","$26.66"
"Dec 29, 2020","$26.25","$26.63","$25.96","$26.21"
"Dec 28, 2020","$25.81","$26.79","$25.81","$26.26"
"Dec 25, 2020","$26.11","$26.11","$26.11","$26.11"
"Dec 24, 2020","$26.11","$26.11","$26.11","$26.11"
"Dec 23, 2020","$25.70","$25.70","$25.64","$25.64"
"Dec 22, 2020","$25.29","$25.29","$25.26","$25.26"
"Dec 21, 2020","$26.28","$26.28","$26.28","$26.28"
"Dec 17, 2020","$26.16","$26.16","$26.16","$26.16"
"Dec 16, 2020","$25.45","$25.45","$25.45","$25.45"
"Dec 15, 2020","$24.61","$24.61","$24.61","$24.61"
"Dec 14, 2020","$23.94","$23.94","$23.94","$23.94"
"Dec 11, 2020","$23.99","$23.99","$23.99","$23.99"
"Dec 10, 2020","$24.07","$24.07","$24.07","$24.07"
"Dec 09, 2020","$24.36","$24.36","$24.05","$24.05"
"Dec 08, 2020","$24.73","$24.73","$24.65","$24.65"
"Dec 07, 2020","$24.60","$24.60","$24.60","$24.60"
"Dec 03, 2020","$24.17","$24.17","$24.17","$24.17"
"Dec 02, 2020","$24.20","$24.20","$24.20","$24.20"
"Nov 30, 2020","$22.26","$22.26","$22.26","$22.26"
"Nov 24, 2020","$23.36","$23.36","$23.36","$23.36"
"Nov 23, 2020","$23.85","$23.85","$23.69","$23.69"
"Nov 19, 2020","$24.17","$24.17","$24.17","$24.17"
"Nov 18, 2020","$24.42","$24.42","$24.42","$24.42"
"Nov 17, 2020","$24.58","$24.58","$24.58","$24.58"
"Nov 16, 2020","$24.86","$24.86","$24.86","$24.86"
"Nov 13, 2020","$24.64","$24.78","$24.64","$24.74"
"Nov 12, 2020","$24.26","$24.37","$24.26","$24.37"
"Nov 11, 2020","$24.25","$24.38","$24.25","$24.38"
"Nov 10, 2020","$24.43","$24.43","$24.32","$24.32"
"Nov 09, 2020","$24.78","$24.78","$24.18","$24.18"
"Nov 06, 2020","$25.67","$25.67","$25.67","$25.67"
"Nov 05, 2020","$24.49","$25.51","$24.49","$25.46"
"Nov 04, 2020","$24.22","$24.22","$24.00","$24.00"
"Nov 03, 2020","$24.31","$24.31","$24.30","$24.30"
"Nov 02, 2020","$23.96","$24.19","$23.96","$24.16"
"Oct 30, 2020","$23.39","$23.73","$23.29","$23.73"
"Oct 29, 2020","$23.47","$23.47","$23.03","$23.31"
"Oct 28, 2020","$23.46","$23.46","$23.46","$23.46"
"Oct 27, 2020","$24.62","$24.62","$24.49","$24.49"
"Oct 26, 2020","$24.39","$24.39","$24.36","$24.36"
"Oct 23, 2020","$24.75","$24.75","$24.70","$24.70"
"Oct 22, 2020","$25.03","$25.03","$24.81","$24.81"
"Oct 21, 2020","$25.14","$25.14","$25.12","$25.12"
"Oct 20, 2020","$24.63","$24.77","$24.63","$24.77"
"Oct 19, 2020","$24.92","$24.92","$24.47","$24.47"
"Oct 16, 2020","$24.33","$24.54","$24.21","$24.21"
"Oct 15, 2020","$24.22","$24.41","$23.97","$24.41"
"Oct 14, 2020","$24.34","$24.34","$24.32","$24.32"
"Oct 13, 2020","$25.07","$25.07","$24.21","$24.21"
"Oct 12, 2020","$25.24","$25.28","$25.20","$25.20"
"Oct 09, 2020","$24.45","$25.23","$24.45","$25.23"
"Oct 08, 2020","$24.07","$24.07","$23.93","$23.93"
"Oct 07, 2020","$23.79","$23.91","$23.79","$23.91"
"Oct 06, 2020","$24.55","$24.55","$23.09","$23.09"
"Oct 05, 2020","$23.95","$24.50","$23.95","$24.50"
"Oct 02, 2020","$24.12","$24.12","$23.88","$23.88"
"Oct 01, 2020","$23.88","$23.88","$23.88","$23.88"
"Sep 30, 2020","$23.94","$23.94","$23.35","$23.35"
"Sep 29, 2020","$23.69","$24.30","$23.69","$24.30"
"Sep 28, 2020","$22.85","$23.82","$22.85","$23.82"
"Sep 25, 2020","$22.98","$22.98","$22.98","$22.98"
"Sep 24, 2020","$23.31","$23.31","$23.31","$23.31"
"Sep 23, 2020","$23.51","$23.51","$22.88","$22.88"
"Sep 22, 2020","$24.44","$24.56","$24.22","$24.54"
"Sep 21, 2020","$26.83","$26.83","$24.80","$24.80"
"Sep 18, 2020","$27.29","$27.29","$26.92","$26.92"
"Sep 17, 2020","$26.91","$27.16","$26.91","$27.16"
"Sep 16, 2020","$27.41","$27.45","$27.30","$27.30"
"Sep 15, 2020","$27.48","$27.61","$27.22","$27.22"
"Sep 14, 2020","$26.96","$27.24","$26.96","$27.24"
"Sep 11, 2020","$26.90","$26.91","$26.85","$26.85"
"Sep 10, 2020","$27.19","$27.20","$26.99","$26.99"
"Sep 09, 2020","$26.67","$27.11","$26.67","$27.11"
"Sep 08, 2020","$27.10","$27.10","$26.61","$26.80"
"Sep 07, 2020","$26.98","$26.98","$26.95","$26.95"
"Sep 04, 2020","$26.91","$27.01","$26.91","$27.01"
"Sep 03, 2020","$27.27","$27.27","$26.68","$26.68"
"Sep 02, 2020","$27.70","$27.70","$27.55","$27.55"
"Sep 01, 2020","$28.25","$28.25","$28.25","$28.25"
"Aug 31, 2020","$28.09","$28.27","$28.09","$28.27"
"Aug 28, 2020","$27.46","$27.62","$27.46","$27.62"
"Aug 27, 2020","$27.45","$27.45","$27.10","$27.10"
"Aug 26, 2020","$26.48","$27.54","$26.48","$27.54"
"Aug 25, 2020","$26.67","$26.67","$26.63","$26.63"
"Aug 24, 2020","$26.57","$27.18","$26.57","$26.76"
"Aug 21, 2020","$27.40","$27.40","$26.86","$26.86"
"Aug 20, 2020","$27.30","$27.38","$27.30","$27.38"
"Aug 19, 2020","$27.42","$27.42","$26.83","$26.83"
"Aug 18, 2020","$28.16","$28.32","$27.80","$27.80"
"Aug 17, 2020","$27.10","$27.63","$27.10","$27.63"
"Aug 14, 2020","$26.86","$26.86","$26.26","$26.61"
"Aug 13, 2020","$26.49","$27.61","$26.49","$27.61"
"Aug 12, 2020","$25.44","$25.76","$25.44","$25.76"
"Aug 11, 2020","$28.28","$28.28","$25.05","$25.05"
"Aug 10, 2020","$28.60","$29.35","$28.60","$29.35"
"Aug 07, 2020","$28.53","$28.53","$27.95","$28.51"
"Aug 06, 2020","$27.93","$29.12","$27.93","$29.12"
"Aug 05, 2020","$26.75","$27.19","$26.75","$27.19"
"Aug 04, 2020","$24.55","$26.18","$24.55","$26.18"
"Aug 03, 2020","$24.54","$24.54","$24.54","$24.54"
"Jul 31, 2020","$24.40","$24.60","$24.28","$24.60"
"Jul 30, 2020","$23.80","$23.80","$23.51","$23.72"
"Jul 29, 2020","$24.54","$24.54","$24.49","$24.49"
"Jul 28, 2020","$24.57","$24.57","$24.57","$24.57"
"Jul 27, 2020","$24.76","$24.76","$24.76","$24.76"
"Jul 24, 2020","$22.96","$22.96","$22.96","$22.96"
"Jul 23, 2020","$22.88","$22.88","$22.76","$22.76"
"Jul 22, 2020","$23.27","$23.27","$23.27","$23.27"
"Jul 21, 2020","$21.35","$21.35","$21.35","$21.35"
"Jul 20, 2020","$19.63","$19.98","$19.63","$19.98"
"Jul 17, 2020","$19.22","$19.43","$19.22","$19.43"
"Jul 16, 2020","$19.24","$19.24","$19.24","$19.24"
"Jul 15, 2020","$19.50","$19.50","$19.50","$19.50"
"Jul 14, 2020","$19.31","$19.31","$19.31","$19.31"
"Jul 13, 2020","$19.16","$19.16","$19.16","$19.16"
"Jul 10, 2020","$18.75","$18.79","$18.75","$18.79"
"Jul 09, 2020","$18.74","$18.74","$18.74","$18.74"
"Jul 08, 2020","$18.56","$18.78","$18.56","$18.78"
"Jul 07, 2020","$18.16","$18.43","$18.16","$18.34"
"Jul 06, 2020","$18.37","$18.37","$18.37","$18.37"
"Jul 03, 2020","$18.08","$18.08","$18.08","$18.08"
"Jul 02, 2020","$18.03","$18.03","$18.03","$18.03"
"Jul 01, 2020","$18.09","$18.09","$18.09","$18.09"
"Jun 30, 2020","$17.93","$18.28","$17.93","$18.28"
"Jun 29, 2020","$17.98","$17.98","$17.96","$17.96"
"Jun 26, 2020","$17.85","$17.85","$17.85","$17.85"
"Jun 25, 2020","$17.60","$17.89","$17.60","$17.89"
"Jun 24, 2020","$17.59","$17.59","$17.59","$17.59"
"Jun 23, 2020","$17.92","$18.05","$17.92","$18.05"
"Jun 22, 2020","$17.80","$17.80","$17.80","$17.80"
"Jun 19, 2020","$17.64","$17.68","$17.64","$17.68"
"Jun 18, 2020","$17.47","$17.47","$17.47","$17.47"
"Jun 17, 2020","$17.59","$17.59","$17.59","$17.59"
"Jun 16, 2020","$17.43","$17.56","$17.43","$17.56"
"Jun 15, 2020","$17.27","$17.47","$17.27","$17.47"
"Jun 12, 2020","$17.59","$17.59","$17.59","$17.59"
"Jun 11, 2020","$17.98","$18.04","$17.61","$17.63"
"Jun 10, 2020","$17.82","$18.23","$17.82","$18.23"
"Jun 09, 2020","$17.70","$17.70","$17.64","$17.64"
"Jun 08, 2020","$17.75","$17.86","$17.75","$17.86"
"Jun 05, 2020","$17.49","$17.49","$17.49","$17.49"
"Jun 04, 2020","$17.62","$17.80","$17.62","$17.80"
"Jun 03, 2020","$17.74","$17.74","$17.74","$17.74"
"Jun 02, 2020","$18.33","$18.33","$18.17","$18.17"
"Jun 01, 2020","$18.41","$18.41","$18.19","$18.38"
"May 29, 2020","$17.51","$17.95","$17.51","$17.95"
"May 28, 2020","$17.48","$17.48","$17.48","$17.48"
"May 27, 2020","$17.22","$17.36","$17.20","$17.36"
"May 26, 2020","$17.48","$17.48","$17.21","$17.21"
"May 25, 2020","$17.05","$17.22","$17.05","$17.22"
"May 22, 2020","$17.30","$17.30","$17.30","$17.30"
"May 21, 2020","$17.33","$17.41","$17.15","$17.25"
"May 20, 2020","$17.65","$17.65","$17.65","$17.65"
"May 19, 2020","$17.16","$17.55","$17.16","$17.44"
"May 18, 2020","$17.07","$17.07","$17.07","$17.07"
"May 15, 2020","$16.34","$16.99","$16.34","$16.99"
"May 14, 2020","$15.65","$15.98","$15.65","$15.98"
"May 13, 2020","$15.65","$15.69","$15.63","$15.69"
"May 12, 2020","$15.65","$15.65","$15.56","$15.56"
"May 11, 2020","$15.66","$15.66","$15.59","$15.59"
"May 08, 2020","$15.57","$15.57","$15.57","$15.57"
"May 07, 2020","$15.43","$15.43","$15.43","$15.43"
"May 06, 2020","$15.21","$15.21","$14.94","$14.94"
"May 05, 2020","$14.85","$15.06","$14.85","$15.04"
"May 04, 2020","$14.89","$14.89","$14.89","$14.89"
"May 01, 2020","$15.00","$15.07","$14.90","$15.07"
"Apr 30, 2020","$15.06","$15.06","$15.06","$15.06"
"Apr 29, 2020","$15.37","$15.45","$15.32","$15.45"
"Apr 28, 2020","$15.29","$15.29","$15.29","$15.29"
"Apr 27, 2020","$15.31","$15.37","$15.31","$15.34"
"Apr 24, 2020","$15.38","$15.38","$15.38","$15.38"
"Apr 23, 2020","$15.43","$15.44","$15.36","$15.36"
"Apr 22, 2020","$15.25","$15.25","$15.25","$15.25"
"Apr 21, 2020","$15.04","$15.04","$15.04","$15.04"
"Apr 20, 2020","$15.45","$15.45","$15.45","$15.45"
"Apr 17, 2020","$15.45","$15.45","$15.32","$15.32"
"Apr 16, 2020","$15.68","$15.68","$15.68","$15.68"
"Apr 15, 2020","$15.70","$15.70","$15.61","$15.63"
"Apr 14, 2020","$15.92","$15.92","$15.92","$15.92"
"Apr 13, 2020","$15.49","$15.60","$15.41","$15.51"
"Apr 10, 2020","$15.56","$15.56","$15.56","$15.56"
"Apr 09, 2020","$15.29","$15.52","$15.29","$15.52"
"Apr 08, 2020","$15.10","$15.10","$15.10","$15.10"
"Apr 07, 2020","$15.18","$15.18","$15.18","$15.18"
"Apr 06, 2020","$15.17","$15.17","$15.17","$15.17"
"Apr 03, 2020","$14.53","$14.53","$14.53","$14.53"
"Apr 02, 2020","$14.35","$14.64","$14.35","$14.64"
"Apr 01, 2020","$14.16","$14.22","$14.04","$14.15"
"Mar 31, 2020","$14.15","$14.15","$14.15","$14.15"
"Mar 30, 2020","$14.11","$14.22","$14.11","$14.22"
"Mar 27, 2020","$14.76","$14.76","$14.54","$14.54"
"Mar 26, 2020","$14.48","$14.78","$14.48","$14.78"
"Mar 25, 2020","$14.73","$14.73","$14.69","$14.69"
"Mar 24, 2020","$13.83","$14.47","$13.78","$14.47"
"Mar 23, 2020","$12.69","$13.42","$12.69","$13.42"
"Mar 20, 2020","$12.89","$12.89","$12.76","$12.76"
"Mar 19, 2020","$12.23","$12.27","$12.20","$12.27"
"Mar 18, 2020","$12.63","$12.79","$11.93","$12.14"
"Mar 17, 2020","$12.92","$12.92","$12.82","$12.82"
"Mar 16, 2020","$14.69","$14.72","$13.07","$13.36"
"Mar 13, 2020","$15.77","$15.93","$14.82","$14.82"
"Mar 12, 2020","$16.68","$16.68","$15.94","$15.94"
"Mar 11, 2020","$17.12","$17.15","$16.83","$16.86"
"Mar 10, 2020","$17.11","$17.11","$16.96","$16.96"
"Mar 09, 2020","$16.80","$17.05","$16.78","$17.05"
"Mar 06, 2020","$17.40","$17.42","$17.40","$17.42"
"Mar 05, 2020","$17.22","$17.49","$17.22","$17.49"
"Mar 04, 2020","$17.26","$17.26","$17.26","$17.26"
"Mar 03, 2020","$16.82","$17.27","$16.82","$17.27"
"Mar 02, 2020","$16.79","$16.79","$16.79","$16.79"
"Feb 28, 2020","$16.73","$16.73","$16.73","$16.73"
"Feb 27, 2020","$18.12","$18.15","$17.68","$17.80"
"Feb 26, 2020","$18.15","$18.15","$17.93","$17.98"
"Feb 25, 2020","$18.07","$18.07","$18.07","$18.07"
"Feb 24, 2020","$18.67","$18.67","$18.67","$18.67"
"Feb 21, 2020","$18.55","$18.55","$18.55","$18.55"
"Feb 20, 2020","$18.35","$18.41","$18.35","$18.41"
"Feb 19, 2020","$18.48","$18.48","$18.48","$18.48"
"Feb 18, 2020","$18.27","$18.27","$18.23","$18.23"
"Feb 17, 2020","$17.88","$17.88","$17.86","$17.86"
"Feb 14, 2020","$17.75","$17.81","$17.75","$17.81"
"Feb 13, 2020","$17.73","$17.73","$17.69","$17.69"
"Feb 12, 2020","$17.54","$17.54","$17.54","$17.54"
"Feb 11, 2020","$17.70","$17.70","$17.68","$17.68"
"Feb 10, 2020","$17.80","$17.86","$17.80","$17.83"
"Feb 07, 2020","$17.75","$17.78","$17.75","$17.78"
"Feb 06, 2020","$17.86","$17.88","$17.86","$17.87"
"Feb 05, 2020","$17.76","$17.76","$17.65","$17.67"
"Feb 04, 2020","$17.65","$17.65","$17.65","$17.65"
"Feb 03, 2020","$17.69","$17.73","$17.69","$17.73"
"Jan 31, 2020","$18.10","$18.12","$18.10","$18.12"
"Jan 30, 2020","$17.88","$17.90","$17.88","$17.90"
"Jan 29, 2020","$17.54","$17.66","$17.54","$17.66"
"Jan 28, 2020","$17.53","$17.53","$17.53","$17.53"
"Jan 27, 2020","$18.15","$18.15","$18.15","$18.15"
"Jan 24, 2020","$17.91","$18.26","$17.90","$18.26"
"Jan 23, 2020","$17.84","$17.84","$17.84","$17.84"
"Jan 22, 2020","$17.86","$17.96","$17.86","$17.93"
"Jan 21, 2020","$17.85","$17.85","$17.85","$17.85"
"Jan 20, 2020","$18.12","$18.17","$18.12","$18.17"
"Jan 17, 2020","$18.07","$18.07","$18.07","$18.07"
"Jan 16, 2020","$17.95","$17.99","$17.95","$17.99"
"Jan 15, 2020","$17.92","$18.06","$17.92","$18.06"
"Jan 14, 2020","$17.86","$17.95","$17.85","$17.93"
"Jan 13, 2020","$18.03","$18.03","$18.03","$18.03"
"Jan 10, 2020","$18.00","$18.18","$18.00","$18.18"
"Jan 09, 2020","$17.96","$17.96","$17.96","$17.96"
"Jan 08, 2020","$18.32","$18.33","$18.14","$18.14"
"Jan 07, 2020","$18.26","$18.43","$18.25","$18.43"
"Jan 06, 2020","$18.40","$18.40","$18.21","$18.21"
"Jan 03, 2020","$18.10","$18.10","$18.10","$18.10"
"Jan 02, 2020","$18.08","$18.08","$18.08","$18.08"
"Jan 01, 2020","$17.91","$17.91","$17.91","$17.91"
"Dec 31, 2019","$18.15","$18.15","$17.91","$17.91"
"Dec 30, 2019","$17.97","$17.97","$17.97","$17.97"
"Dec 27, 2019","$17.87","$17.87","$17.80","$17.81"
"Dec 26, 2019","$17.94","$17.96","$17.94","$17.94"
"Dec 25, 2019","$17.84","$17.84","$17.84","$17.84"
"Dec 24, 2019","$17.65","$17.84","$17.65","$17.84"
"Dec 23, 2019","$17.43","$17.44","$17.42","$17.44"
"Dec 20, 2019","$17.11","$17.25","$17.11","$17.25"
"Dec 19, 2019","$17.03","$17.13","$17.03","$17.12"
"Dec 18, 2019","$17.06","$17.06","$17.06","$17.06"
"Dec 17, 2019","$17.09","$17.09","$17.06","$17.06"
"Dec 16, 2019","$17.10","$17.10","$17.09","$17.09"
"Dec 13, 2019","$16.99","$17.03","$16.99","$17.03"
"Dec 12, 2019","$16.99","$16.99","$16.99","$16.99"
"Dec 11, 2019","$16.73","$16.91","$16.73","$16.91"
"Dec 10, 2019","$16.71","$16.71","$16.71","$16.71"
"Dec 09, 2019","$16.65","$16.66","$16.65","$16.66"
"Dec 06, 2019","$16.62","$16.63","$16.62","$16.63"
"Dec 05, 2019","$17.02","$17.02","$16.93","$16.95"
"Oct 30, 2019","$17.88","$17.92","$17.88","$17.92"
"Oct 29, 2019","$17.85","$17.86","$17.80","$17.86"
"Oct 28, 2019","$18.18","$18.18","$17.91","$17.91"
"Oct 25, 2019","$18.08","$18.11","$18.08","$18.09"
"Oct 24, 2019","$17.84","$17.86","$17.84","$17.85"
"Oct 22, 2019","$17.58","$17.60","$17.58","$17.60"
"Oct 21, 2019","$17.62","$17.62","$17.62","$17.62"
"Oct 18, 2019","$17.59","$17.59","$17.59","$17.59"
"Oct 17, 2019","$17.46","$17.60","$17.46","$17.60"
"Oct 16, 2019","$17.38","$17.45","$17.38","$17.43"
"Oct 15, 2019","$17.66","$17.66","$17.47","$17.47"
"Oct 14, 2019","$17.69","$17.74","$17.69","$17.71"
"Oct 11, 2019","$17.71","$17.75","$17.63","$17.63"
"Oct 10, 2019","$17.77","$17.77","$17.55","$17.55"
"Oct 09, 2019","$17.93","$17.93","$17.78","$17.78"
"Oct 08, 2019","$17.49","$17.83","$17.49","$17.81"
"Oct 07, 2019","$17.59","$17.62","$17.49","$17.50"
"Oct 04, 2019","$17.61","$17.64","$17.61","$17.64"
"Oct 03, 2019","$17.59","$17.63","$17.59","$17.61"
"Oct 02, 2019","$17.32","$17.63","$17.32","$17.63"
"Oct 01, 2019","$17.29","$17.29","$17.29","$17.29"
"Sep 30, 2019","$17.06","$17.06","$17.06","$17.06"
"Sep 27, 2019","$17.62","$17.62","$17.60","$17.60"
"Sep 25, 2019","$17.95","$17.95","$17.95","$17.95"
"Sep 24, 2019","$18.59","$18.65","$18.57","$18.65"
"Sep 20, 2019","$17.97","$18.05","$17.96","$18.05"
"Sep 19, 2019","$17.78","$17.84","$17.78","$17.84"
"Sep 18, 2019","$17.96","$17.96","$17.71","$17.71"
"Sep 17, 2019","$18.07","$18.07","$18.07","$18.07"
"Sep 16, 2019","$17.92","$17.95","$17.84","$17.91"
"Sep 13, 2019","$18.18","$18.18","$17.51","$17.51"
"Sep 12, 2019","$18.18","$18.19","$18.13","$18.13"
"Sep 11, 2019","$18.24","$18.24","$18.16","$18.16"
"Sep 10, 2019","$17.98","$18.07","$17.98","$18.07"
"Sep 09, 2019","$18.05","$18.05","$18.05","$18.05"
"Sep 06, 2019","$18.22","$18.22","$18.22","$18.22"
"Sep 05, 2019","$19.54","$19.54","$18.70","$18.72"
"Sep 04, 2019","$19.40","$19.64","$19.40","$19.64"
"Sep 03, 2019","$18.54","$19.31","$18.53","$19.30"
"Sep 02, 2019","$18.53","$18.53","$18.53","$18.53"
"Aug 30, 2019","$18.43","$18.43","$18.43","$18.43"
"Aug 29, 2019","$18.62","$18.62","$18.32","$18.32"
"Aug 28, 2019","$18.42","$18.43","$18.42","$18.43"
"Aug 27, 2019","$18.22","$18.26","$18.22","$18.26"
"Aug 26, 2019","$17.72","$17.72","$17.71","$17.72"
"Aug 23, 2019","$17.08","$17.50","$17.08","$17.50"
"Aug 22, 2019","$17.12","$17.12","$17.08","$17.10"
"Aug 21, 2019","$17.18","$17.18","$17.18","$17.18"
"Aug 20, 2019","$17.01","$17.21","$17.01","$17.21"
"Aug 19, 2019","$17.08","$17.08","$16.92","$16.94"
"Aug 16, 2019","$17.15","$17.15","$17.15","$17.15"
"Aug 15, 2019","$17.22","$17.31","$17.22","$17.31"
"Aug 14, 2019","$17.29","$17.29","$17.26","$17.26"
"Aug 13, 2019","$17.43","$17.43","$17.01","$17.01"
"Aug 12, 2019","$17.12","$17.12","$17.12","$17.12"
"Aug 09, 2019","$17.02","$17.02","$17.02","$17.02"
"Aug 08, 2019","$17.10","$17.10","$16.99","$16.99"
"Aug 07, 2019","$16.76","$17.20","$16.76","$17.12"
"Aug 06, 2019","$16.50","$16.51","$16.50","$16.51"
"Aug 05, 2019","$16.45","$16.46","$16.45","$16.46"
"Aug 02, 2019","$16.21","$16.26","$16.20","$16.26"
"Aug 01, 2019","$16.09","$16.39","$16.09","$16.38"
"Jul 31, 2019","$16.30","$16.32","$16.30","$16.31"
"Jul 30, 2019","$16.51","$16.63","$16.51","$16.63"
"Jul 29, 2019","$16.45","$16.60","$16.45","$16.60"
"Jul 26, 2019","$16.49","$16.49","$16.45","$16.45"
"Jul 25, 2019","$16.59","$16.59","$16.46","$16.48"
"Jul 24, 2019","$16.54","$16.66","$16.54","$16.66"
"Jul 23, 2019","$16.37","$16.45","$16.37","$16.45"
"Jul 22, 2019","$16.41","$16.42","$16.38","$16.41"
"Jul 19, 2019","$16.26","$16.26","$16.26","$16.26"
"Jul 17, 2019","$15.69","$16.02","$15.69","$16.02"
"Jul 16, 2019","$15.47","$15.62","$15.47","$15.62"
"Jul 15, 2019","$15.32","$15.45","$15.32","$15.45"
"Jul 12, 2019","$15.19","$15.27","$15.18","$15.27"
"Jul 11, 2019","$15.32","$15.32","$15.14","$15.19"
"Jul 10, 2019","$15.12","$15.31","$15.12","$15.29"
"Jul 09, 2019","$15.13","$15.16","$15.02","$15.15"
"Jul 08, 2019","$15.11","$15.13","$14.90","$15.12"
"Jul 05, 2019","$15.29","$15.29","$14.92","$15.05"
"Jul 04, 2019","$15.30","$15.34","$15.30","$15.32"
"Jul 03, 2019","$15.34","$15.39","$15.34","$15.39"
"Jul 02, 2019","$15.23","$15.36","$15.23","$15.36"
"Jul 01, 2019","$15.18","$15.19","$15.17","$15.19"
"Jun 28, 2019","$15.28","$15.36","$15.28","$15.36"
"Jun 27, 2019","$15.19","$15.28","$15.19","$15.28"
"Jun 26, 2019","$15.20","$15.29","$15.20","$15.29"
"Jun 25, 2019","$15.46","$15.46","$15.38","$15.39"
"Jun 24, 2019","$15.35","$15.45","$15.35","$15.44"
"Jun 21, 2019","$15.34","$15.37","$15.30","$15.37"
"Jun 20, 2019","$15.34","$15.44","$15.31","$15.43"
"Jun 19, 2019","$14.99","$15.18","$14.99","$15.18"
"Jun 18, 2019","$14.91","$15.03","$14.88","$15.03"
"Jun 17, 2019","$14.84","$14.86","$14.84","$14.86"
"Jun 14, 2019","$15.01","$15.11","$14.82","$14.82"
"Jun 13, 2019","$14.82","$14.94","$14.77","$14.93"
"Jun 12, 2019","$14.82","$14.87","$14.75","$14.77"
"Jun 11, 2019","$14.67","$14.79","$14.65","$14.75"
"Jun 10, 2019","$14.76","$14.78","$14.64","$14.71"
"Jun 07, 2019","$14.87","$15.14","$14.87","$15.01"
"Jun 06, 2019","$14.84","$14.99","$14.84","$14.86"
"Jun 05, 2019","$14.85","$15.01","$14.77","$14.80"
"Jun 04, 2019","$14.78","$14.84","$14.66","$14.81"
"Jun 03, 2019","$14.58","$14.82","$14.58","$14.78"
"May 31, 2019","$14.52","$14.64","$14.48","$14.57"
"May 30, 2019","$14.41","$14.55","$14.38","$14.52"
"May 29, 2019","$14.41","$14.47","$14.36","$14.41"
"May 28, 2019","$14.54","$14.55","$14.30","$14.36"
"May 27, 2019","$14.59","$14.62","$14.57","$14.60"
"May 24, 2019","$14.55","$14.58","$14.53","$14.56"
"May 23, 2019","$14.46","$14.63","$14.44","$14.60"
"May 22, 2019","$14.41","$14.49","$14.39","$14.44"
"May 21, 2019","$14.41","$14.45","$14.37","$14.44"
"May 20, 2019","$14.41","$14.48","$14.38","$14.46"
"May 17, 2019","$14.52","$14.53","$14.39","$14.39"
"May 16, 2019","$14.80","$14.81","$14.52","$14.52"
"May 15, 2019","$14.78","$14.84","$14.75","$14.79"
"May 14, 2019","$14.76","$14.83","$14.73","$14.79"
"May 13, 2019","$14.66","$14.79","$14.62","$14.78"
"May 10, 2019","$14.77","$14.83","$14.74","$14.77"
"May 09, 2019","$14.84","$14.85","$14.70","$14.76"
"May 08, 2019","$14.94","$14.95","$14.82","$14.84"
"May 07, 2019","$14.90","$14.93","$14.80","$14.91"
"May 06, 2019","$14.85","$14.93","$14.76","$14.92"
"May 03, 2019","$14.65","$14.97","$14.61","$14.93"
"May 02, 2019","$14.65","$14.70","$14.56","$14.62"
"May 01, 2019","$14.86","$14.92","$14.65","$14.68"
"Apr 30, 2019","$14.95","$14.99","$14.82","$14.94"
"Apr 29, 2019","$15.00","$15.03","$14.88","$14.92"
"Apr 26, 2019","$15.01","$15.08","$14.94","$15.08"
"Apr 25, 2019","$14.93","$15.00","$14.86","$14.99"
"Apr 24, 2019","$14.79","$14.98","$14.79","$14.92"
"Apr 23, 2019","$14.94","$14.98","$14.75","$14.83"
"Apr 22, 2019","$15.01","$15.05","$14.99","$15.00"
"Apr 19, 2019","$15.07","$15.07","$15.07","$15.07"
"Apr 18, 2019","$14.95","$15.12","$14.93","$15.07"
"Apr 17, 2019","$15.02","$15.09","$14.92","$14.98"
"Apr 16, 2019","$15.00","$15.01","$14.88","$15.00"
"Apr 15, 2019","$14.92","$15.02","$14.86","$15.01"
"Apr 12, 2019","$14.98","$15.10","$14.95","$14.97"
"Apr 11, 2019","$15.21","$15.21","$14.91","$14.96"
"Apr 10, 2019","$15.22","$15.28","$15.17","$15.22"
"Apr 09, 2019","$15.23","$15.33","$15.21","$15.22"
"Apr 08, 2019","$15.14","$15.29","$15.12","$15.24"
"Apr 05, 2019","$15.14","$15.19","$15.08","$15.10"
"Apr 04, 2019","$15.13","$15.17","$14.91","$15.13"
"Apr 03, 2019","$15.16","$15.19","$15.04","$15.13"
"Apr 02, 2019","$15.05","$15.18","$14.94","$15.18"
"Apr 01, 2019","$15.07","$15.20","$15.04","$15.05"
"Mar 28, 2019","$15.29","$15.31","$14.98","$14.99"
"Mar 27, 2019","$15.42","$15.46","$15.24","$15.31"
"Mar 26, 2019","$15.47","$15.50","$15.40","$15.42"
"Mar 25, 2019","$15.44","$15.57","$15.44","$15.48"
"Mar 21, 2019","$15.59","$15.63","$15.38","$15.51"
"Mar 20, 2019","$15.33","$15.59","$15.27","$15.59"
"Mar 19, 2019","$15.36","$15.44","$15.31","$15.34"
"Mar 18, 2019","$15.33","$15.41","$15.31","$15.38"
"Mar 14, 2019","$15.34","$15.35","$15.13","$15.35"
"Mar 13, 2019","$15.44","$15.53","$15.35","$15.35"
"Mar 12, 2019","$15.39","$15.47","$15.36","$15.44"
"Mar 11, 2019","$15.31","$15.41","$15.22","$15.39"
"Mar 07, 2019","$15.04","$15.11","$14.99","$15.10"
"Mar 06, 2019","$15.13","$15.14","$15.04","$15.04"
"Mar 05, 2019","$15.08","$15.14","$15.06","$15.13"
"Mar 04, 2019","$15.18","$15.19","$15.06","$15.07"
"Feb 28, 2019","$15.77","$15.81","$15.54","$15.56"
"Feb 27, 2019","$15.84","$15.88","$15.70","$15.77"
"Feb 26, 2019","$15.84","$15.94","$15.79","$15.86"
"Feb 25, 2019","$15.98","$15.99","$15.85","$15.86"
"Feb 20, 2019","$16.00","$16.21","$15.96","$15.98"
"Feb 19, 2019","$15.79","$16.07","$15.78","$16.01"
"Feb 18, 2019","$15.78","$15.85","$15.76","$15.79"
"Feb 14, 2019","$15.68","$15.68","$15.49","$15.62"
"Feb 13, 2019","$15.71","$15.78","$15.54","$15.66"
"Feb 12, 2019","$15.80","$15.82","$15.66","$15.72"
"Feb 11, 2019","$15.74","$15.79","$15.67","$15.79"
"Feb 07, 2019","$15.65","$15.75","$15.65","$15.66"
"Feb 06, 2019","$15.80","$15.82","$15.64","$15.66"
"Feb 05, 2019","$15.87","$15.90","$15.77","$15.79"
"Feb 04, 2019","$15.83","$15.92","$15.69","$15.88"
"Jan 31, 2019","$16.05","$16.18","$15.91","$15.94"
"Jan 30, 2019","$15.91","$16.09","$15.86","$16.03"
"Jan 29, 2019","$15.84","$15.96","$15.81","$15.93"
"Jan 28, 2019","$15.75","$15.84","$15.60","$15.84"
"Jan 24, 2019","$15.28","$15.40","$15.24","$15.40"
"Jan 23, 2019","$15.39","$15.42","$15.27","$15.31"
"Jan 22, 2019","$15.33","$15.41","$15.28","$15.40"
"Jan 21, 2019","$15.31","$15.34","$15.19","$15.34"
"Jan 17, 2019","$15.54","$15.59","$15.46","$15.53"
"Jan 16, 2019","$15.58","$15.64","$15.50","$15.54"
"Jan 15, 2019","$15.60","$15.69","$15.54","$15.58"
"Jan 14, 2019","$15.58","$15.68","$15.57","$15.62"
"Jan 10, 2019","$15.73","$15.77","$15.55","$15.70"
"Jan 09, 2019","$15.60","$15.76","$15.59","$15.72"
"Jan 08, 2019","$15.57","$15.68","$15.55","$15.61"
"Jan 07, 2019","$15.78","$15.80","$15.50","$15.55"
"Jan 03, 2019","$15.58","$15.85","$15.54","$15.74"
"Jan 02, 2019","$15.48","$15.61","$15.48","$15.58"
"Jan 01, 2019","$15.48","$15.48","$15.48","$15.48"
"Dec 31, 2018","$15.38","$15.50","$15.35","$15.48"
"Dec 27, 2018","$14.97","$15.34","$14.97","$15.32"
"Dec 26, 2018","$14.85","$15.16","$14.82","$14.97"
"Dec 25, 2018","$14.77","$14.85","$14.72","$14.84"
"Dec 24, 2018","$14.71","$14.78","$14.66","$14.77"
"Dec 20, 2018","$14.62","$14.82","$14.62","$14.76"
"Dec 19, 2018","$14.68","$14.81","$14.55","$14.63"
"Dec 18, 2018","$14.68","$14.71","$14.61","$14.69"
"Dec 17, 2018","$14.62","$14.70","$14.57","$14.68"
"Dec 13, 2018","$14.77","$14.79","$14.62","$14.63"
"Dec 12, 2018","$14.55","$14.79","$14.55","$14.79"
"Dec 11, 2018","$14.59","$14.70","$14.52","$14.56"
"Dec 10, 2018","$14.57","$14.61","$14.48","$14.58"
"Dec 06, 2018","$14.38","$14.49","$14.34","$14.47"
"Dec 05, 2018","$14.43","$14.54","$14.38","$14.38"
"Dec 04, 2018","$14.49","$14.65","$14.42","$14.43"
"Dec 03, 2018","$14.42","$14.55","$14.34","$14.49"
"Nov 29, 2018","$14.36","$14.37","$14.27","$14.32"
"Nov 28, 2018","$14.14","$14.38","$14.11","$14.37"
"Nov 27, 2018","$14.20","$14.29","$14.09","$14.14"
"Nov 26, 2018","$14.44","$14.44","$14.20","$14.24"
"Nov 22, 2018","$14.47","$14.53","$14.25","$14.27"
"Nov 21, 2018","$14.41","$14.56","$14.39","$14.49"
"Nov 20, 2018","$14.45","$14.50","$14.27","$14.39"
"Nov 19, 2018","$14.41","$14.50","$14.36","$14.41"
"Nov 15, 2018","$14.21","$14.37","$14.13","$14.29"
"Nov 14, 2018","$13.99","$14.22","$13.90","$14.20"
"Nov 13, 2018","$14.08","$14.12","$13.97","$14.00"
"Nov 12, 2018","$14.16","$14.21","$13.99","$14.08"
"Nov 08, 2018","$14.54","$14.54","$14.36","$14.36"
"Nov 07, 2018","$14.62","$14.73","$14.50","$14.53"
"Nov 06, 2018","$14.69","$14.71","$14.51","$14.59"
"Nov 05, 2018","$14.75","$14.77","$14.61","$14.67"
"Nov 02, 2018","$14.47","$14.84","$14.38","$14.47"
"Nov 01, 2018","$14.70","$14.77","$14.43","$14.48"
"Oct 31, 2018","$14.47","$14.48","$14.06","$14.28"
"Oct 30, 2018","$14.47","$14.84","$14.38","$14.47"
"Oct 29, 2018","$14.70","$14.77","$14.43","$14.48"
"Oct 26, 2018","$14.64","$14.77","$14.58","$14.63"
"Oct 25, 2018","$14.68","$14.78","$14.59","$14.64"
"Oct 24, 2018","$14.76","$14.80","$14.63","$14.68"
"Oct 23, 2018","$14.57","$14.87","$14.51","$14.76"
"Oct 22, 2018","$14.64","$14.69","$14.51","$14.56"
"Oct 19, 2018","$14.58","$14.72","$14.55","$14.64"
"Oct 18, 2018","$14.62","$14.66","$14.46","$14.58"
"Oct 17, 2018","$14.67","$14.72","$14.59","$14.62"
"Oct 16, 2018","$14.71","$14.85","$14.62","$14.67"
"Oct 15, 2018","$14.57","$14.70","$14.55","$14.72"
"Oct 09, 2018","$14.37","$14.44","$14.27","$14.39"
"Oct 08, 2018","$14.65","$14.66","$14.27","$14.38"
"Oct 05, 2018","$14.59","$14.72","$14.51","$14.64"
"Oct 04, 2018","$14.63","$14.78","$14.54","$14.59"
"Oct 03, 2018","$14.72","$14.83","$14.63","$14.64"
"Oct 02, 2018","$14.50","$14.91","$14.45","$14.72"
"Oct 01, 2018","$14.68","$14.68","$14.38","$14.51"
"Sep 28, 2018","$14.26","$14.72","$14.24","$14.66"
"Sep 27, 2018","$14.37","$14.46","$14.18","$14.26"
"Sep 26, 2018","$14.48","$14.51","$14.32","$14.37"
"Sep 25, 2018","$14.27","$14.55","$14.22","$14.48"
"Sep 24, 2018","$14.28","$14.39","$14.20","$14.28"
"Sep 21, 2018","$14.32","$14.43","$14.16","$14.29"
"Sep 20, 2018","$14.25","$14.35","$14.18","$14.31"
"Sep 19, 2018","$14.17","$14.34","$14.15","$14.24"
"Sep 18, 2018","$14.14","$14.24","$14.08","$14.17"
"Sep 17, 2018","$14.07","$14.25","$14.05","$14.15"
"Sep 14, 2018","$14.19","$14.29","$14.05","$14.06"
"Sep 13, 2018","$14.25","$14.36","$14.15","$14.19"
"Sep 12, 2018","$14.14","$14.28","$14.08","$14.25"
"Sep 11, 2018","$14.17","$14.23","$13.95","$14.13"
"Sep 10, 2018","$14.15","$14.25","$14.08","$14.17"
"Sep 07, 2018","$14.17","$14.25","$14.08","$14.17"
"Sep 06, 2018","$14.20","$14.30","$14.12","$14.17"
"Sep 05, 2018","$14.16","$14.24","$14.09","$14.20"
"Sep 04, 2018","$14.51","$14.51","$14.00","$14.17"
"Sep 03, 2018","$14.53","$14.55","$14.40","$14.50"
"Aug 31, 2018","$14.55","$14.72","$14.50","$14.53"
"Aug 30, 2018","$14.75","$14.88","$14.52","$14.55"
"Aug 29, 2018","$14.74","$14.79","$14.66","$14.75"
"Aug 28, 2018","$14.89","$15.00","$14.67","$14.75"
"Aug 27, 2018","$14.85","$14.97","$14.75","$14.89"
"Aug 24, 2018","$14.51","$14.88","$14.49","$14.82"
"Aug 23, 2018","$14.76","$14.77","$14.43","$14.51"
"Aug 22, 2018","$14.78","$14.88","$14.70","$14.76"
"Aug 21, 2018","$14.76","$14.85","$14.66","$14.79"
"Aug 20, 2018","$14.78","$14.85","$14.65","$14.76"
"Aug 17, 2018","$14.67","$14.84","$14.59","$14.80"
"Aug 16, 2018","$14.45","$14.84","$14.34","$14.66"
"Aug 15, 2018","$15.07","$15.07","$14.38","$14.46"
"Aug 14, 2018","$15.03","$15.11","$14.99","$15.07"
"Aug 13, 2018","$15.33","$15.35","$14.99","$15.03"
"Aug 10, 2018","$15.43","$15.45","$15.29","$15.32"
"Aug 09, 2018","$15.41","$15.51","$15.37","$15.43"
"Aug 08, 2018","$15.41","$15.46","$15.29","$15.41"
"Aug 07, 2018","$15.31","$15.49","$15.30","$15.39"
"Aug 06, 2018","$15.42","$15.49","$15.25","$15.31"
"Aug 03, 2018","$15.33","$15.55","$15.25","$15.41"
"Aug 02, 2018","$15.41","$15.47","$15.30","$15.33"
"Aug 01, 2018","$15.51","$15.54","$15.38","$15.40"
"Jul 31, 2018","$15.50","$15.61","$15.38","$15.51"
"Jul 30, 2018","$15.50","$15.55","$15.40","$15.49"
"Jul 27, 2018","$15.40","$15.54","$15.33","$15.50"
"Jul 26, 2018","$15.61","$15.67","$15.38","$15.40"
"Jul 25, 2018","$15.49","$15.63","$15.45","$15.61"
"Jul 24, 2018","$15.39","$15.60","$15.33","$15.48"
"Jul 23, 2018","$15.53","$15.56","$15.36","$15.38"
"Jul 20, 2018","$15.47","$15.47","$15.18","$15.39"
"Jul 19, 2018","$15.55","$15.57","$15.18","$15.32"
"Jul 18, 2018","$15.58","$15.62","$15.39","$15.55"
"Jul 17, 2018","$15.79","$15.87","$15.55","$15.58"
"Jul 16, 2018","$15.83","$15.88","$15.75","$15.79"
"Jul 13, 2018","$15.86","$16.00","$15.83","$15.88"
"Jul 12, 2018","$15.81","$16.00","$15.76","$15.94"
"Jul 11, 2018","$16.02","$16.04","$15.79","$15.80"
"Jul 10, 2018","$16.09","$16.18","$15.91","$16.02"
"Jul 09, 2018","$16.05","$16.22","$16.05","$16.12"
"Jul 06, 2018","$16.06","$16.08","$15.95","$16.04"
"Jul 05, 2018","$16.09","$16.10","$15.92","$16.05"
"Jul 04, 2018","$16.03","$16.15","$16.00","$16.09"
"Jul 03, 2018","$15.87","$16.05","$15.78","$16.03"
"Jul 02, 2018","$16.11","$16.13","$15.78","$15.87"
"Jun 29, 2018","$16.01","$16.16","$15.96","$16.11"
"Jun 28, 2018","$16.09","$16.13","$15.92","$16.02"
"Jun 27, 2018","$16.30","$16.31","$15.91","$16.09"
"Jun 26, 2018","$16.34","$16.36","$16.15","$16.29"
"Jun 25, 2018","$16.47","$16.49","$16.30","$16.34"
"Jun 22, 2018","$16.33","$16.49","$16.31","$16.46"
"Jun 21, 2018","$16.31","$16.36","$16.19","$16.34"
"Jun 20, 2018","$16.32","$16.37","$16.26","$16.30"
"Jun 19, 2018","$16.51","$16.55","$16.23","$16.31"
"Jun 18, 2018","$16.57","$16.63","$16.42","$16.49"
"Jun 15, 2018","$17.19","$17.26","$16.45","$16.56"
"Jun 14, 2018","$17.03","$17.32","$16.93","$17.19"
"Jun 13, 2018","$16.85","$17.18","$16.80","$17.02"
"Jun 12, 2018","$16.92","$16.95","$16.76","$16.85"
"Jun 11, 2018","$16.76","$16.94","$16.76","$16.92"
"Jun 08, 2018","$16.73","$16.83","$16.63","$16.78"
"Jun 07, 2018","$16.69","$16.90","$16.65","$16.73"
"Jun 06, 2018","$16.50","$16.73","$16.49","$16.69"
"Jun 05, 2018","$16.42","$16.53","$16.31","$16.50"
"Jun 04, 2018","$16.41","$16.55","$16.38","$16.42"
"Jun 01, 2018","$16.44","$16.52","$16.34","$16.41"
"May 31, 2018","$16.51","$16.60","$16.38","$16.44"
"May 30, 2018","$16.40","$16.56","$16.32","$16.51"
"May 29, 2018","$16.48","$16.51","$16.32","$16.39"
"May 28, 2018","$16.49","$16.51","$16.43","$16.48"
"May 25, 2018","$16.68","$16.72","$16.48","$16.51"
"May 24, 2018","$16.45","$16.69","$16.41","$16.68"
"May 23, 2018","$16.55","$16.59","$16.32","$16.46"
"May 22, 2018","$16.53","$16.68","$16.44","$16.55"
"May 21, 2018","$16.43","$16.53","$16.27","$16.53"
"May 18, 2018","$16.44","$16.47","$16.36","$16.45"
"May 17, 2018","$16.38","$16.49","$16.33","$16.44"
"May 16, 2018","$16.28","$16.43","$16.18","$16.38"
"May 15, 2018","$16.54","$16.56","$16.20","$16.28"
"May 14, 2018","$16.69","$16.73","$16.51","$16.55"
"May 11, 2018","$16.72","$16.84","$16.65","$16.67"
"May 10, 2018","$16.49","$16.78","$16.48","$16.72"
"May 09, 2018","$16.49","$16.62","$16.35","$16.49"
"May 08, 2018","$16.49","$16.52","$16.32","$16.48"
"May 07, 2018","$16.53","$16.57","$16.40","$16.48"
"May 04, 2018","$16.45","$16.53","$16.38","$16.53"
"May 03, 2018","$16.40","$16.60","$16.36","$16.44"
"May 02, 2018","$16.18","$16.53","$16.10","$16.39"
"May 01, 2018","$16.33","$16.35","$16.06","$16.18"
"Apr 30, 2018","$16.52","$16.55","$16.19","$16.33"
"Apr 27, 2018","$16.54","$16.57","$16.44","$16.52"
"Apr 26, 2018","$16.57","$16.62","$16.43","$16.53"
"Apr 25, 2018","$16.73","$16.74","$16.51","$16.57"
"Apr 24, 2018","$16.64","$16.76","$16.57","$16.72"
"Apr 23, 2018","$17.09","$17.11","$16.56","$16.64"
"Apr 20, 2018","$17.22","$17.35","$17.11","$17.25"
"Apr 19, 2018","$16.77","$17.34","$16.73","$17.22"
"Apr 18, 2018","$16.69","$16.81","$16.59","$16.78"
"Apr 17, 2018","$16.61","$16.77","$16.56","$16.69"
"Apr 13, 2018","$16.66","$16.70","$16.45","$16.50"
"Apr 11, 2018","$16.59","$16.87","$16.48","$16.68"
"Apr 10, 2018","$16.49","$16.65","$16.44","$16.59"
"Apr 09, 2018","$16.42","$16.56","$16.33","$16.49"
"Apr 06, 2018","$16.40","$16.50","$16.27","$16.38"
"Apr 05, 2018","$16.34","$16.43","$16.19","$16.40"
"Apr 04, 2018","$16.43","$16.53","$16.26","$16.34"
"Apr 03, 2018","$16.61","$16.62","$16.36","$16.43"
"Apr 02, 2018","$16.39","$16.68","$16.39","$16.60"
"Mar 30, 2018","$16.31","$16.37","$16.23","$16.36"
"Mar 29, 2018","$16.54","$16.57","$16.24","$16.30"
"Mar 28, 2018","$16.69","$16.81","$16.48","$16.54"
"Mar 27, 2018","$16.64","$16.79","$16.53","$16.70"
"Mar 23, 2018","$16.55","$16.61","$16.35","$16.43"
"Mar 22, 2018","$16.21","$16.65","$16.18","$16.55"
"Mar 21, 2018","$16.33","$16.35","$16.13","$16.20"
"Mar 20, 2018","$16.31","$16.36","$16.22","$16.33"
"Mar 16, 2018","$16.54","$16.57","$16.38","$16.40"
"Mar 15, 2018","$16.59","$16.66","$16.52","$16.54"
"Mar 14, 2018","$16.54","$16.83","$16.45","$16.59"
"Mar 13, 2018","$16.59","$16.73","$16.44","$16.54"
"Mar 08, 2018","$16.49","$16.57","$16.43","$16.49"
"Mar 07, 2018","$16.80","$16.81","$16.41","$16.49"
"Mar 06, 2018","$16.45","$16.88","$16.41","$16.78"
"Mar 05, 2018","$16.53","$16.60","$16.35","$16.44"
"Mar 02, 2018","$16.47","$16.57","$16.39","$16.51"
"Mar 01, 2018","$16.41","$16.55","$16.18","$16.47"
"Feb 28, 2018","$16.41","$16.51","$16.35","$16.40"
"Feb 27, 2018","$16.65","$16.70","$16.26","$16.42"
"Feb 26, 2018","$16.51","$16.77","$16.49","$16.64"
"Feb 23, 2018","$16.61","$16.64","$16.51","$16.53"
"Feb 22, 2018","$16.52","$16.68","$16.40","$16.61"
"Feb 21, 2018","$16.48","$16.77","$16.39","$16.52"
"Feb 20, 2018","$16.66","$16.68","$16.43","$16.47"
"Feb 19, 2018","$16.65","$16.74","$16.61","$16.65"
"Feb 16, 2018","$16.86","$16.95","$16.62","$16.66"
"Feb 15, 2018","$16.91","$16.98","$16.65","$16.86"
"Feb 14, 2018","$16.62","$17.00","$16.40","$16.90"
"Feb 13, 2018","$16.56","$16.68","$16.45","$16.62"
"Feb 12, 2018","$16.38","$16.62","$16.36","$16.56"
"Feb 09, 2018","$16.45","$16.45","$16.18","$16.36"
"Feb 08, 2018","$16.41","$16.47","$16.25","$16.45"
"Feb 07, 2018","$16.79","$16.99","$16.43","$16.67"
"Feb 06, 2018","$16.62","$16.91","$16.61","$16.75"
"Feb 02, 2018","$17.21","$17.26","$16.52","$16.62"
"Feb 01, 2018","$17.36","$17.37","$17.11","$17.20"
"Jan 31, 2018","$17.13","$17.40","$17.10","$17.36"
"Jan 30, 2018","$17.18","$17.34","$17.07","$17.13"
"Jan 29, 2018","$17.43","$17.48","$17.10","$17.18"
"Jan 26, 2018","$17.33","$17.55","$17.31","$17.41"
"Jan 25, 2018","$17.52","$17.70","$17.18","$17.32"
"Jan 24, 2018","$17.06","$17.63","$16.99","$17.52"
"Jan 23, 2018","$17.02","$17.10","$16.75","$17.06"
"Jan 22, 2018","$17.07","$17.10","$16.95","$17.01"
"Jan 19, 2018","$16.97","$17.14","$16.95","$17.01"
"Jan 18, 2018","$17.04","$17.13","$16.91","$16.98"
"Jan 17, 2018","$17.23","$17.30","$16.94","$17.03"
"Jan 16, 2018","$17.36","$17.45","$16.90","$17.22"
"Jan 15, 2018","$17.23","$17.47","$17.22","$17.36"
"Jan 12, 2018","$17.00","$17.05","$16.90","$17.01"
"Jan 11, 2018","$16.93","$17.19","$16.90","$17.00"
"Jan 10, 2018","$17.10","$17.15","$16.92","$16.94"
"Jan 09, 2018","$17.24","$17.26","$17.01","$17.10"
"Jan 05, 2018","$17.10","$17.36","$16.98","$17.19"
"Jan 04, 2018","$17.20","$17.24","$17.03","$17.10"
"Jan 03, 2018","$17.02","$17.21","$16.93","$17.20"
"Dec 27, 2017","$16.55","$16.57","$16.48","$16.53"
"Dec 26, 2017","$16.33","$16.57","$16.20","$16.54"
"Dec 25, 2017","$16.38","$16.39","$16.31","$16.33"
"Dec 22, 2017","$16.15","$16.43","$16.11","$16.38"
"Dec 21, 2017","$16.20","$16.25","$16.10","$16.15"
"Dec 20, 2017","$16.14","$16.27","$16.10","$16.19"
"Dec 19, 2017","$16.03","$16.17","$16.01","$16.13"
"Dec 15, 2017","$16.04","$16.12","$15.64","$15.91"
"Dec 14, 2017","$15.74","$16.15","$15.67","$16.04"
"Dec 13, 2017","$15.74","$15.82","$15.63","$15.73"
"Dec 12, 2017","$15.87","$15.89","$15.65","$15.74"
"Dec 08, 2017","$15.75","$15.91","$15.65","$15.85"
"Dec 07, 2017","$15.98","$16.00","$15.51","$15.74"
"Dec 06, 2017","$16.13","$16.15","$15.91","$15.98"
"Dec 05, 2017","$16.35","$16.37","$16.02","$16.13"
"Dec 04, 2017","$16.40","$16.43","$16.26","$16.35"
"Dec 01, 2017","$16.45","$16.57","$16.26","$16.44"
"Nov 30, 2017","$16.57","$16.60","$16.32","$16.45"
"Nov 29, 2017","$16.89","$16.91","$16.85","$16.89"
"Nov 28, 2017","$17.06","$17.12","$16.80","$16.88"
"Nov 27, 2017","$17.05","$17.19","$17.02","$17.06"
"Nov 24, 2017","$17.10","$17.16","$17.07","$17.10"
"Nov 23, 2017","$16.99","$17.23","$16.95","$17.09"
"Nov 22, 2017","$16.96","$17.06","$16.91","$16.98"
"Nov 21, 2017","$17.27","$17.35","$16.85","$16.96"
"Nov 17, 2017","$17.09","$17.39","$17.03","$17.31"
"Nov 16, 2017","$17.00","$17.14","$16.96","$17.09"
"Nov 15, 2017","$17.03","$17.22","$16.95","$17.00"
"Nov 14, 2017","$17.03","$17.10","$16.89","$17.04"
"Nov 13, 2017","$16.92","$17.08","$16.84","$17.03"
"Nov 10, 2017","$17.02","$17.11","$16.80","$16.89"
"Nov 09, 2017","$17.05","$17.15","$16.92","$17.01"
"Nov 08, 2017","$16.99","$17.24","$16.98","$17.06"
"Nov 07, 2017","$17.19","$17.20","$16.92","$17.00"
"Nov 06, 2017","$16.87","$17.28","$16.81","$17.18"
"Nov 03, 2017","$17.14","$17.18","$16.80","$16.85"
"Nov 02, 2017","$17.14","$17.23","$16.95","$17.15"
"Nov 01, 2017","$16.70","$17.20","$16.67","$17.14"
"Oct 31, 2017","$16.84","$16.90","$16.65","$16.71"
"Oct 30, 2017","$16.83","$16.90","$16.69","$16.84"
"Oct 27, 2017","$16.97","$17.03","$16.75","$16.78"
"Oct 26, 2017","$16.95","$17.03","$16.82","$16.97"
"Oct 25, 2017","$17.10","$17.15","$16.81","$16.94"
"Oct 24, 2017","$17.00","$17.11","$16.85","$17.09"
"Oct 20, 2017","$16.99","$17.29","$16.92","$17.28"
"Oct 19, 2017","$17.05","$17.10","$16.90","$16.99"
"Oct 18, 2017","$17.24","$17.26","$16.97","$17.04"
"Oct 17, 2017","$17.39","$17.47","$17.11","$17.24"
"Oct 13, 2017","$17.24","$17.42","$17.18","$17.42"
"Oct 12, 2017","$17.18","$17.27","$17.12","$17.25"
"Oct 11, 2017","$17.14","$17.28","$17.07","$17.18"
"Oct 10, 2017","$16.97","$17.25","$16.93","$17.14"
"Oct 09, 2017","$16.83","$16.99","$16.80","$16.96"
"Oct 06, 2017","$16.61","$16.86","$16.32","$16.83"
"Oct 05, 2017","$16.64","$16.89","$16.56","$16.60"
"Oct 04, 2017","$16.61","$16.67","$16.56","$16.65"
"Oct 03, 2017","$16.65","$16.74","$16.52","$16.61"
"Sep 29, 2017","$16.78","$16.90","$16.68","$16.86"
"Sep 28, 2017","$16.82","$16.91","$16.70","$16.78"
"Sep 27, 2017","$17.13","$17.25","$16.80","$16.83"
"Sep 26, 2017","$16.94","$17.19","$16.84","$17.13"
"Sep 22, 2017","$17.14","$17.16","$16.84","$16.99"
"Sep 20, 2017","$17.31","$17.40","$16.98","$17.14"
"Sep 19, 2017","$17.22","$17.33","$17.11","$17.31"
"Sep 18, 2017","$17.57","$17.63","$17.07","$17.21"
"Sep 15, 2017","$17.83","$17.85","$17.57","$17.59"
"Sep 14, 2017","$17.77","$17.83","$17.62","$17.83"
"Sep 13, 2017","$17.86","$17.96","$17.67","$17.77"
"Sep 12, 2017","$17.82","$17.94","$17.73","$17.88"
"Sep 11, 2017","$17.81","$17.92","$17.72","$17.83"
"Sep 08, 2017","$17.86","$18.15","$17.80","$18.10"
"Sep 07, 2017","$17.92","$17.99","$17.82","$17.86"
"Sep 06, 2017","$17.88","$18.01","$17.78","$17.92"
"Sep 05, 2017","$17.85","$18.05","$17.79","$17.88"
"Sep 01, 2017","$17.40","$17.63","$17.30","$17.57"
"Aug 31, 2017","$17.42","$17.48","$17.32","$17.41"
"Aug 30, 2017","$17.48","$17.66","$17.29","$17.42"
"Aug 29, 2017","$17.08","$17.55","$17.03","$17.49"
"Aug 25, 2017","$16.92","$17.17","$16.85","$17.07"
"Aug 24, 2017","$17.09","$17.10","$16.83","$16.93"
"Aug 23, 2017","$16.97","$17.11","$16.92","$17.08"
"Aug 22, 2017","$17.01","$17.12","$16.89","$16.96"
"Aug 21, 2017","$16.91","$17.13","$16.87","$17.00"
"Aug 18, 2017","$17.07","$17.31","$16.94","$16.98"
"Aug 17, 2017","$17.13","$17.17","$16.99","$17.06"
"Aug 16, 2017","$16.64","$17.15","$16.64","$17.12"
"Aug 15, 2017","$17.10","$17.22","$16.93","$17.04"
"Aug 11, 2017","$16.94","$17.25","$16.47","$17.12"
"Aug 10, 2017","$16.48","$16.97","$16.47","$16.93"
"Aug 09, 2017","$16.26","$16.49","$16.24","$16.49"
"Aug 08, 2017","$16.26","$16.32","$16.13","$16.26"
"Aug 04, 2017","$16.56","$16.72","$16.45","$16.67"
"Aug 03, 2017","$16.70","$16.89","$16.49","$16.58"
"Aug 02, 2017","$16.81","$16.97","$16.63","$16.71"
"Jul 31, 2017","$16.77","$16.88","$16.68","$16.82"
"Jul 28, 2017","$16.58","$16.75","$16.52","$16.75"
"Jul 27, 2017","$16.64","$16.82","$16.56","$16.58"
"Jul 26, 2017","$16.48","$16.69","$16.31","$16.65"
"Jul 25, 2017","$16.49","$16.66","$16.26","$16.48"
"Jul 24, 2017","$16.49","$16.60","$16.43","$16.48"
"Jul 21, 2017","$16.30","$16.42","$16.14","$16.31"
"Jul 20, 2017","$16.27","$16.36","$16.16","$16.30"
"Jul 19, 2017","$16.13","$16.34","$16.10","$16.28"
"Jul 18, 2017","$16.03","$16.20","$15.98","$16.13"
"Jul 14, 2017","$15.91","$15.99","$15.32","$15.71"
"Jul 13, 2017","$15.84","$16.03","$15.76","$15.91"
"Jul 12, 2017","$15.68","$15.86","$15.39","$15.85"
"Jul 11, 2017","$15.59","$15.74","$15.21","$15.68"
"Jul 06, 2017","$16.09","$16.13","$15.95","$16.07"
"Jul 05, 2017","$16.12","$16.22","$15.88","$16.09"
"Jul 04, 2017","$16.16","$16.21","$16.06","$16.13"
"Jul 03, 2017","$16.64","$16.65","$16.11","$16.16"
"Jun 30, 2017","$16.66","$16.70","$16.55","$16.61"
"Jun 29, 2017","$16.82","$16.91","$16.60","$16.67"
"Jun 28, 2017","$16.69","$16.88","$16.68","$16.82"
"Jun 27, 2017","$16.57","$16.76","$16.53","$16.69"
"Jun 26, 2017","$16.74","$16.74","$16.32","$16.56"
"Jun 23, 2017","$16.48","$16.68","$16.48","$16.61"
"Jun 22, 2017","$16.51","$16.54","$16.36","$16.47"
"Jun 21, 2017","$16.51","$16.95","$16.41","$16.51"
"Jun 20, 2017","$16.70","$16.71","$16.38","$16.51"
"Jun 16, 2017","$16.94","$17.08","$16.68","$16.75"
"Jun 15, 2017","$16.85","$17.32","$16.82","$16.95"
"Jun 14, 2017","$16.97","$16.97","$16.74","$16.84"
"Jun 13, 2017","$17.20","$17.23","$16.92","$16.97"
"Jun 09, 2017","$17.41","$17.45","$17.19","$17.21"
"Jun 08, 2017","$17.59","$17.69","$17.34","$17.41"
"Jun 07, 2017","$17.71","$17.73","$17.53","$17.59"
"Jun 06, 2017","$17.54","$17.75","$17.53","$17.72"
"Jun 05, 2017","$17.57","$17.64","$17.51","$17.54"
"Jun 02, 2017","$17.26","$17.58","$17.14","$17.55"
"Jun 01, 2017","$17.36","$17.43","$17.24","$17.34"
"May 31, 2017","$17.40","$17.48","$17.23","$17.37"
"May 30, 2017","$17.38","$17.45","$17.32","$17.40"
"May 26, 2017","$17.19","$17.26","$17.12","$17.15"
"May 25, 2017","$17.08","$17.24","$16.91","$17.19"
"May 24, 2017","$17.18","$17.31","$17.03","$17.09"
"May 23, 2017","$17.00","$17.21","$16.86","$17.19"
"May 19, 2017","$16.92","$16.96","$16.49","$16.59"
"May 17, 2017","$16.86","$17.03","$16.78","$16.93"
"May 16, 2017","$16.65","$16.87","$16.63","$16.87"
"May 15, 2017","$16.47","$16.82","$16.43","$16.65"
"May 12, 2017","$16.35","$16.49","$16.32","$16.47"
"May 11, 2017","$16.20","$16.40","$16.18","$16.35"
"May 10, 2017","$16.21","$16.33","$16.15","$16.20"
"May 09, 2017","$16.30","$16.32","$16.07","$16.21"
"May 08, 2017","$16.37","$16.45","$16.23","$16.28"
"May 05, 2017","$16.48","$16.64","$16.23","$16.35"
"May 04, 2017","$16.85","$16.89","$16.41","$16.49"
"May 03, 2017","$16.87","$17.01","$16.80","$16.86"
"May 02, 2017","$17.27","$17.27","$16.81","$16.88"
"Apr 28, 2017","$17.50","$17.50","$17.24","$17.28"
"Apr 27, 2017","$17.60","$17.66","$17.34","$17.49"
"Apr 26, 2017","$17.89","$18.01","$17.57","$17.60"
"Apr 25, 2017","$17.77","$17.94","$17.74","$17.89"
"Apr 21, 2017","$18.02","$18.04","$17.82","$17.93"
"Apr 20, 2017","$18.16","$18.23","$17.89","$18.04"
"Apr 19, 2017","$18.30","$18.31","$18.11","$18.14"
"Apr 18, 2017","$18.41","$18.44","$18.09","$18.30"
"Apr 17, 2017","$18.59","$18.65","$18.37","$18.41"
"Apr 14, 2017","$18.54","$18.55","$18.53","$18.53"
"Apr 13, 2017","$18.51","$18.61","$18.43","$18.53"
"Apr 12, 2017","$17.96","$18.36","$17.91","$18.34"
"Apr 11, 2017","$18.00","$18.03","$17.76","$17.96"
"Apr 07, 2017","$18.31","$18.35","$18.18","$18.24"
"Apr 06, 2017","$18.29","$18.32","$18.15","$18.31"
"Apr 05, 2017","$18.27","$18.41","$18.24","$18.29"
"Apr 04, 2017","$18.25","$18.29","$18.09","$18.27"
"Mar 31, 2017","$18.22","$18.30","$18.07","$18.13"
"Mar 30, 2017","$18.15","$18.24","$18.03","$18.22"
"Mar 28, 2017","$18.09","$18.24","$18.00","$18.15"
"Mar 27, 2017","$17.86","$18.13","$17.83","$18.09"
"Mar 24, 2017","$17.58","$17.78","$17.53","$17.77"
"Mar 23, 2017","$17.53","$17.68","$17.51","$17.58"
"Mar 22, 2017","$17.54","$17.59","$17.45","$17.53"
"Mar 21, 2017","$17.44","$17.60","$17.33","$17.56"
"Mar 20, 2017","$17.41","$17.46","$17.36","$17.44"
"Mar 17, 2017","$17.31","$17.53","$17.16","$17.32"
"Mar 16, 2017","$16.89","$17.35","$16.84","$17.31"
"Mar 15, 2017","$16.95","$17.06","$16.86","$16.89"
"Mar 14, 2017","$16.99","$17.15","$16.93","$16.95"
"Mar 10, 2017","$17.24","$17.29","$16.88","$16.93"
"Mar 09, 2017","$17.50","$17.54","$17.22","$17.25"
"Mar 08, 2017","$17.76","$17.78","$17.48","$17.50"
"Mar 07, 2017","$17.95","$17.95","$17.71","$17.77"
"Mar 03, 2017","$17.83","$17.98","$17.64","$17.97"
"Mar 02, 2017","$18.40","$18.43","$17.69","$17.82"
"Mar 01, 2017","$18.30","$18.46","$18.24","$18.39"
"Feb 28, 2017","$18.30","$18.46","$18.25","$18.30"
"Feb 27, 2017","$18.34","$18.48","$18.15","$18.30"
"Feb 24, 2017","$18.18","$18.41","$18.16","$18.38"
"Feb 23, 2017","$18.02","$18.22","$17.94","$18.19"
"Feb 22, 2017","$18.05","$18.09","$17.85","$17.98"
"Feb 21, 2017","$18.01","$18.08","$17.94","$18.06"
"Feb 17, 2017","$17.97","$18.14","$17.93","$18.08"
"Feb 16, 2017","$17.95","$18.00","$17.77","$17.98"
"Feb 15, 2017","$17.86","$18.07","$17.76","$17.95"
"Feb 14, 2017","$17.93","$18.01","$17.77","$17.84"
"Feb 10, 2017","$17.76","$17.85","$17.63","$17.66"
"Feb 09, 2017","$17.67","$17.88","$17.65","$17.76"
"Feb 08, 2017","$17.72","$17.80","$17.57","$17.68"
"Feb 07, 2017","$17.47","$17.75","$17.47","$17.73"
"Feb 03, 2017","$17.57","$17.73","$17.42","$17.45"
"Feb 02, 2017","$17.55","$17.64","$17.37","$17.56"
"Jan 31, 2017","$17.15","$17.59","$17.13","$17.56"
"Jan 30, 2017","$17.21","$17.27","$17.06","$17.16"
"Jan 27, 2017","$17.01","$17.04","$16.69","$16.79"
"Jan 26, 2017","$17.08","$17.10","$16.78","$16.99"
"Jan 25, 2017","$17.21","$17.28","$17.05","$17.10"
"Jan 24, 2017","$17.16","$17.25","$17.06","$17.21"
"Jan 20, 2017","$17.07","$17.11","$16.74","$16.98"
"Jan 19, 2017","$17.16","$17.33","$17.05","$17.06"
"Jan 18, 2017","$16.83","$17.20","$16.81","$17.16"
"Jan 17, 2017","$16.88","$16.99","$16.78","$16.82"
"Jan 13, 2017","$16.75","$16.99","$16.74","$16.80"
"Jan 12, 2017","$16.80","$16.86","$16.53","$16.77"
"Jan 11, 2017","$16.60","$16.99","$16.55","$16.78"
"Jan 10, 2017","$16.52","$16.69","$16.43","$16.60"
"Jan 06, 2017","$16.60","$16.67","$16.35","$16.49"
"Jan 05, 2017","$16.47","$16.74","$16.47","$16.61"
"Jan 04, 2017","$15.97","$16.49","$15.91","$16.30"
"Jan 03, 2017","$16.47","$16.50","$15.92","$15.97"
"Dec 30, 2016","$16.02","$16.33","$16.01","$16.22"
"Dec 29, 2016","$15.97","$16.07","$15.82","$16.01"
"Dec 28, 2016","$15.79","$16.05","$15.72","$15.96"
"Dec 27, 2016","$15.74","$15.83","$15.72","$15.79"
"Dec 23, 2016","$15.96","$16.04","$15.78","$15.83"
"Dec 22, 2016","$16.03","$16.18","$15.88","$15.95"
"Dec 21, 2016","$15.99","$16.11","$15.64","$16.06"
"Dec 20, 2016","$16.11","$16.21","$15.92","$15.99"
"Dec 16, 2016","$16.85","$16.94","$15.88","$15.99"
"Dec 15, 2016","$16.91","$17.22","$16.75","$16.84"
"Dec 13, 2016","$17.07","$17.16","$16.77","$16.91"
"Dec 12, 2016","$16.80","$17.18","$16.70","$17.08"
"Dec 09, 2016","$17.16","$17.22","$16.98","$17.02"
"Dec 08, 2016","$16.73","$17.24","$16.66","$17.15"
"Dec 07, 2016","$16.76","$16.89","$16.69","$16.73"
"Dec 06, 2016","$16.81","$16.89","$16.52","$16.75"
"Dec 02, 2016","$16.52","$16.68","$16.28","$16.57"
"Dec 01, 2016","$16.66","$16.77","$16.44","$16.50"
"Nov 30, 2016","$16.68","$16.72","$16.42","$16.64"
"Nov 29, 2016","$16.54","$16.86","$16.50","$16.69"
"Nov 25, 2016","$16.36","$16.41","$16.24","$16.36"
"Nov 24, 2016","$16.68","$16.74","$16.18","$16.35"
"Nov 23, 2016","$16.68","$16.89","$16.51","$16.68"
"Nov 22, 2016","$16.57","$16.77","$16.41","$16.68"
"Nov 18, 2016","$16.68","$16.76","$16.47","$16.56"
"Nov 17, 2016","$17.10","$17.24","$16.86","$16.99"
"Nov 16, 2016","$16.95","$17.14","$16.84","$17.08"
"Nov 15, 2016","$17.47","$17.50","$16.66","$16.94"
"Nov 11, 2016","$18.43","$18.92","$18.42","$18.62"
"Nov 10, 2016","$18.34","$18.99","$18.32","$18.41"
"Nov 09, 2016","$18.24","$18.73","$18.18","$18.34"
"Nov 08, 2016","$18.18","$18.32","$18.01","$18.23"
"Nov 04, 2016","$18.55","$18.64","$18.02","$18.37"
"Nov 03, 2016","$18.36","$18.74","$18.35","$18.53"
"Nov 02, 2016","$17.88","$18.49","$17.85","$18.38"
"Nov 01, 2016","$17.81","$17.92","$17.76","$17.88"
"Oct 28, 2016","$17.61","$17.73","$17.55","$17.63"
"Oct 26, 2016","$17.77","$17.86","$17.57","$17.61"
"Oct 25, 2016","$17.60","$17.82","$17.51","$17.76"
"Oct 24, 2016","$17.52","$17.88","$17.45","$17.59"
"Oct 21, 2016","$17.72","$17.74","$17.45","$17.55"
"Oct 20, 2016","$17.61","$17.77","$16.95","$17.72"
"Oct 19, 2016","$17.46","$17.71","$17.46","$17.61"
"Oct 18, 2016","$17.42","$17.50","$17.35","$17.47"
"Oct 14, 2016","$17.50","$17.68","$17.43","$17.49"
"Oct 13, 2016","$17.52","$17.61","$17.39","$17.51"
"Oct 12, 2016","$17.65","$17.82","$17.44","$17.51"
"Oct 11, 2016","$17.63","$17.81","$17.59","$17.65"
"Oct 07, 2016","$17.79","$17.84","$17.13","$17.35"
"Oct 06, 2016","$17.78","$18.01","$17.56","$17.79"
"Oct 05, 2016","$18.88","$18.90","$17.73","$17.81"
"Oct 04, 2016","$19.14","$19.32","$18.72","$18.89"
"Sep 30, 2016","$19.22","$19.39","$19.01","$19.13"
"Sep 29, 2016","$19.18","$19.23","$18.96","$19.22"
"Sep 28, 2016","$19.43","$19.54","$18.99","$19.18"
"Sep 27, 2016","$19.72","$19.75","$19.37","$19.43"
"Sep 23, 2016","$19.82","$20.05","$19.70","$19.88"
"Sep 22, 2016","$19.24","$19.87","$19.07","$19.82"
"Sep 21, 2016","$19.16","$19.29","$19.09","$19.24"
"Sep 20, 2016","$18.84","$19.30","$18.80","$19.17"
"Sep 16, 2016","$18.98","$19.17","$18.83","$19.00"
"Sep 15, 2016","$18.90","$19.12","$18.81","$18.97"
"Sep 14, 2016","$19.13","$19.29","$18.80","$18.89"
"Sep 13, 2016","$19.11","$19.18","$18.72","$19.12"
"Sep 08, 2016","$19.80","$19.94","$19.45","$19.63"
"Sep 07, 2016","$19.97","$20.13","$19.73","$19.80"
"Sep 06, 2016","$19.51","$20.11","$19.47","$19.98"
"Sep 05, 2016","$19.37","$19.56","$19.30","$19.51"
"Sep 02, 2016","$18.91","$19.59","$18.76","$19.58"
"Sep 01, 2016","$18.70","$18.92","$18.59","$18.91"
"Aug 31, 2016","$18.63","$18.87","$18.56","$18.70"
"Aug 30, 2016","$18.84","$18.94","$18.59","$18.63"
"Aug 29, 2016","$18.58","$18.89","$18.40","$18.85"
"Aug 25, 2016","$18.57","$18.67","$18.49","$18.56"
"Aug 24, 2016","$18.88","$19.00","$18.54","$18.57"
"Aug 23, 2016","$18.90","$19.12","$18.82","$18.87"
"Aug 22, 2016","$19.01","$19.09","$18.83","$18.91"
"Aug 19, 2016","$19.73","$19.75","$19.24","$19.31"
"Aug 18, 2016","$19.78","$19.93","$19.64","$19.73"
"Aug 17, 2016","$19.81","$19.89","$19.38","$19.78"
"Aug 16, 2016","$19.83","$20.10","$19.72","$19.81"
"Aug 15, 2016","$19.75","$20.02","$19.72","$19.84"
"Aug 12, 2016","$19.98","$20.22","$19.66","$19.73"
"Aug 11, 2016","$20.17","$20.29","$19.94","$19.98"
"Aug 10, 2016","$19.90","$20.46","$19.90","$20.18"
"Aug 09, 2016","$19.73","$19.94","$19.60","$19.92"
"Aug 08, 2016","$19.62","$19.87","$19.59","$19.73"
"Aug 05, 2016","$20.37","$20.44","$19.70","$19.72"
"Aug 04, 2016","$20.16","$20.49","$20.15","$20.37"
"Aug 03, 2016","$20.62","$20.73","$20.36","$20.44"
"Aug 02, 2016","$20.48","$20.78","$20.48","$20.62"
"Aug 01, 2016","$20.36","$20.65","$20.30","$20.48"
"Jul 29, 2016","$20.18","$20.41","$19.97","$20.34"
"Jul 28, 2016","$20.35","$20.52","$20.11","$20.18"
"Jul 27, 2016","$19.63","$20.41","$19.53","$20.33"
"Jul 26, 2016","$19.62","$19.76","$19.44","$19.63"
"Jul 25, 2016","$19.63","$19.71","$19.32","$19.63"
"Jul 22, 2016","$19.85","$19.95","$19.57","$19.64"
"Jul 21, 2016","$19.33","$19.87","$19.23","$19.83"
"Jul 20, 2016","$19.89","$19.97","$19.30","$19.32"
"Jul 19, 2016","$20.01","$20.04","$19.82","$19.89"
"Jul 18, 2016","$20.14","$20.23","$19.74","$20.01"
"Jul 15, 2016","$20.31","$20.33","$20.02","$20.24"
"Jul 14, 2016","$20.41","$20.55","$20.03","$20.32"
"Jul 13, 2016","$20.16","$20.47","$19.92","$20.41"
"Jul 12, 2016","$20.26","$20.53","$19.97","$20.17"
"Jul 11, 2016","$20.49","$20.69","$20.12","$20.24"
"Jul 08, 2016","$19.70","$20.32","$19.23","$20.29"
"Jul 07, 2016","$20.19","$20.27","$19.47","$19.72"
"Jul 06, 2016","$20.03","$20.51","$19.87","$20.17"
"Jul 05, 2016","$20.43","$20.45","$19.55","$20.02"
"Jul 04, 2016","$19.75","$21.13","$19.75","$20.43"
"Jul 01, 2016","$18.76","$19.89","$18.72","$19.79"
"Jun 30, 2016","$18.27","$18.89","$18.20","$18.76"
"Jun 29, 2016","$18.28","$18.45","$18.15","$18.27"
"Jun 28, 2016","$17.77","$17.85","$17.55","$17.78"
"Jun 27, 2016","$17.89","$17.93","$17.64","$17.75"
"Jun 24, 2016","$17.33","$18.32","$17.28","$17.74"
"Jun 23, 2016","$17.24","$17.49","$17.15","$17.30"
"Jun 22, 2016","$17.26","$17.47","$17.12","$17.25"
"Jun 21, 2016","$17.48","$17.59","$17.19","$17.26"
"Jun 20, 2016","$17.37","$17.64","$17.30","$17.48"
"Jun 17, 2016","$17.24","$17.54","$17.22","$17.51"
"Jun 16, 2016","$17.55","$17.87","$17.13","$17.26"
"Jun 15, 2016","$17.39","$17.61","$17.35","$17.55"
"Jun 14, 2016","$17.45","$17.51","$17.23","$17.39"
"Jun 13, 2016","$17.36","$17.47","$17.11","$17.45"
"Jun 10, 2016","$17.28","$17.38","$17.17","$17.33"
"Jun 09, 2016","$17.07","$17.34","$16.95","$17.28"
"Jun 08, 2016","$16.40","$17.10","$16.39","$17.06"
"Jun 07, 2016","$16.46","$16.49","$16.24","$16.40"
"Jun 06, 2016","$16.44","$16.55","$16.36","$16.46"
"Jun 03, 2016","$15.96","$16.46","$15.95","$16.42"
"Jun 02, 2016","$15.99","$16.06","$15.92","$15.97"
"Jun 01, 2016","$16.01","$16.10","$15.83","$15.99"
"May 31, 2016","$16.03","$16.17","$15.96","$16.01"
"May 30, 2016","$16.18","$16.19","$15.91","$16.05"
"May 27, 2016","$16.33","$16.38","$16.14","$16.23"
"May 26, 2016","$16.27","$16.57","$16.23","$16.34"
"May 25, 2016","$16.20","$16.37","$16.17","$16.28"
"May 24, 2016","$16.39","$16.43","$16.19","$16.22"
"May 23, 2016","$16.47","$16.57","$16.31","$16.40"
"May 20, 2016","$16.52","$16.65","$16.43","$16.54"
"May 19, 2016","$16.91","$16.93","$16.35","$16.53"
"May 18, 2016","$17.27","$17.30","$16.79","$16.91"
"May 17, 2016","$17.18","$17.35","$17.05","$17.27"
"May 16, 2016","$17.32","$17.40","$17.02","$17.16"
"May 13, 2016","$17.05","$17.19","$16.86","$17.11"
"May 12, 2016","$17.41","$17.45","$16.95","$17.03"
"May 11, 2016","$17.13","$17.59","$17.09","$17.41"
"May 10, 2016","$17.01","$17.17","$16.91","$17.13"
"May 09, 2016","$17.45","$17.47","$16.94","$17.01"
"May 06, 2016","$17.35","$17.60","$17.22","$17.48"
"May 05, 2016","$17.40","$17.65","$17.26","$17.35"
"May 04, 2016","$17.45","$17.48","$17.18","$17.41"
"May 03, 2016","$17.57","$17.73","$17.34","$17.43"
"May 02, 2016","$17.83","$18.01","$17.49","$17.57"
"Apr 29, 2016","$17.58","$17.96","$17.57","$17.84"
"Apr 28, 2016","$17.23","$17.65","$17.14","$17.59"
"Apr 27, 2016","$17.16","$17.40","$17.07","$17.22"
"Apr 26, 2016","$16.99","$17.19","$16.86","$17.15"
"Apr 25, 2016","$16.96","$17.12","$16.83","$16.99"
"Apr 22, 2016","$17.05","$17.35","$16.85","$16.97"
"Apr 21, 2016","$16.97","$17.69","$16.75","$17.05"
"Apr 20, 2016","$16.96","$17.23","$16.85","$16.96"
"Apr 19, 2016","$16.21","$17.09","$16.16","$16.95"
"Apr 18, 2016","$16.28","$16.34","$16.11","$16.21"
"Apr 15, 2016","$16.15","$16.38","$16.09","$16.24"
"Apr 14, 2016","$16.21","$16.26","$15.91","$16.15"
"Apr 13, 2016","$16.17","$16.33","$16.00","$16.22"
"Apr 12, 2016","$15.93","$16.23","$15.80","$16.18"
"Apr 11, 2016","$15.43","$15.98","$15.37","$15.95"
"Apr 08, 2016","$15.22","$15.40","$15.13","$15.36"
"Apr 07, 2016","$15.07","$15.37","$15.07","$15.22"
"Apr 06, 2016","$15.13","$15.20","$14.93","$15.07"
"Apr 05, 2016","$14.96","$15.21","$14.94","$15.12"
"Apr 04, 2016","$15.01","$15.12","$14.89","$14.96"
"Apr 01, 2016","$15.44","$15.47","$14.80","$15.05"
"Mar 31, 2016","$15.24","$15.53","$15.20","$15.44"
"Mar 30, 2016","$15.36","$15.45","$15.20","$15.24"
"Mar 29, 2016","$15.23","$15.38","$15.06","$15.35"
"Mar 28, 2016","$15.17","$15.36","$15.16","$15.23"
"Mar 25, 2016","$15.20","$15.21","$15.19","$15.20"
"Mar 24, 2016","$15.29","$15.33","$15.16","$15.20"
"Mar 23, 2016","$15.86","$15.92","$15.23","$15.30"
"Mar 22, 2016","$15.83","$16.01","$15.78","$15.85"
"Mar 21, 2016","$15.84","$15.91","$15.70","$15.83"
"Mar 18, 2016","$15.94","$16.15","$15.74","$15.80"
"Mar 17, 2016","$15.59","$16.05","$15.55","$15.93"
"Mar 16, 2016","$15.29","$15.65","$15.20","$15.61"
"Mar 15, 2016","$15.37","$15.41","$15.20","$15.28"
"Mar 14, 2016","$15.51","$15.83","$15.29","$15.37"
"Mar 11, 2016","$15.58","$15.74","$15.46","$15.49"
"Mar 10, 2016","$15.30","$15.65","$15.16","$15.60"
"Mar 08, 2016","$15.66","$15.74","$15.33","$15.39"
"Mar 07, 2016","$15.59","$15.81","$15.46","$15.66"
"Mar 04, 2016","$15.17","$15.80","$15.12","$15.51"
"Mar 03, 2016","$14.95","$15.32","$14.85","$15.17"
"Mar 02, 2016","$14.83","$15.03","$14.76","$14.95"
"Mar 01, 2016","$14.91","$15.08","$14.50","$14.82"
"Feb 29, 2016","$14.74","$14.93","$14.62","$14.90"
"Feb 26, 2016","$15.16","$15.24","$14.68","$14.71"
"Feb 25, 2016","$15.26","$15.34","$15.01","$15.16"
"Feb 24, 2016","$15.33","$15.59","$15.15","$15.22"
"Feb 23, 2016","$15.20","$15.37","$15.17","$15.33"
"Feb 22, 2016","$15.32","$15.35","$14.94","$15.19"
"Feb 19, 2016","$15.43","$15.49","$15.28","$15.34"
"Feb 18, 2016","$15.28","$15.57","$15.20","$15.43"
"Feb 17, 2016","$15.25","$15.39","$15.16","$15.28"
"Feb 16, 2016","$15.31","$15.44","$15.14","$15.24"
"Feb 15, 2016","$15.70","$15.72","$15.21","$15.31"
"Feb 12, 2016","$15.67","$15.80","$15.62","$15.75"
"Feb 11, 2016","$15.30","$15.96","$15.29","$15.68"
"Feb 10, 2016","$15.25","$15.31","$15.09","$15.29"
"Feb 09, 2016","$15.38","$15.45","$15.19","$15.24"
"Feb 08, 2016","$14.95","$15.46","$14.89","$15.36"
"Feb 05, 2016","$14.88","$15.11","$14.66","$15.00"
"Feb 04, 2016","$14.71","$14.91","$14.63","$14.88"
"Feb 03, 2016","$14.30","$14.80","$14.27","$14.69"
"Feb 02, 2016","$14.36","$14.41","$14.23","$14.30"
"Feb 01, 2016","$14.28","$14.42","$14.21","$14.36"
"Jan 29, 2016","$14.26","$14.32","$14.17","$14.27"
"Jan 28, 2016","$14.48","$14.54","$14.14","$14.26"
"Jan 27, 2016","$14.49","$14.59","$14.36","$14.50"
"Jan 26, 2016","$14.24","$14.57","$14.21","$14.49"
"Jan 25, 2016","$14.06","$14.31","$14.03","$14.24"
"Jan 22, 2016","$14.08","$14.36","$14.02","$14.03"
"Jan 21, 2016","$14.16","$14.20","$13.89","$14.08"
"Jan 20, 2016","$14.10","$14.21","$14.05","$14.16"
"Jan 19, 2016","$14.07","$14.19","$13.99","$14.05"
"Jan 18, 2016","$13.91","$14.01","$13.84","$13.92"
"Jan 15, 2016","$13.86","$14.13","$13.79","$13.92"
"Jan 14, 2016","$14.14","$14.18","$13.76","$13.85"
"Jan 13, 2016","$13.81","$14.20","$13.76","$14.16"
"Jan 12, 2016","$13.89","$13.93","$13.70","$13.80"
"Jan 11, 2016","$13.97","$14.09","$13.84","$13.88"
"Jan 08, 2016","$14.28","$14.34","$13.89","$13.96"
"Jan 07, 2016","$14.02","$14.71","$13.94","$14.28"
"Jan 06, 2016","$13.98","$14.16","$13.91","$14.02"
"Jan 05, 2016","$13.88","$14.08","$13.88","$13.99"
"Jan 04, 2016","$13.92","$14.20","$13.80","$13.88"
"Dec 31, 2015","$13.88","$13.99","$13.80","$13.87"
"Dec 30, 2015","$13.96","$14.01","$13.79","$13.88"
"Dec 29, 2015","$13.96","$14.08","$13.93","$13.96"
"Dec 28, 2015","$14.36","$14.43","$13.88","$13.96"
"Dec 24, 2015","$14.33","$14.41","$14.27","$14.39"
"Dec 23, 2015","$14.27","$14.37","$14.21","$14.33"
"Dec 22, 2015","$14.25","$14.40","$14.22","$14.28"
"Dec 21, 2015","$14.08","$14.34","$14.06","$14.25"
"Dec 18, 2015","$13.75","$14.21","$13.71","$14.07"
"Dec 17, 2015","$14.14","$14.16","$13.69","$13.76"
"Dec 16, 2015","$13.80","$14.58","$13.79","$14.13"
"Dec 15, 2015","$13.70","$13.84","$13.68","$13.80"
"Dec 14, 2015","$13.96","$13.99","$13.14","$13.71"
"Dec 11, 2015","$14.12","$14.16","$13.78","$13.92"
"Dec 10, 2015","$14.18","$14.26","$14.10","$14.12"
"Dec 09, 2015","$14.17","$14.36","$14.13","$14.18"
"Dec 08, 2015","$14.25","$14.34","$14.09","$14.17"
"Dec 07, 2015","$14.50","$14.66","$14.22","$14.25"
"Dec 04, 2015","$14.14","$14.63","$14.05","$14.55"
"Dec 03, 2015","$14.01","$14.18","$13.84","$14.13"
"Dec 02, 2015","$14.21","$14.24","$13.94","$14.02"
"Dec 01, 2015","$14.08","$14.26","$14.05","$14.20"
"Nov 30, 2015","$14.08","$14.21","$14.01","$14.08"
"Nov 27, 2015","$14.30","$14.32","$13.96","$14.10"
"Nov 26, 2015","$14.20","$14.39","$14.14","$14.29"
"Nov 25, 2015","$14.20","$14.29","$14.05","$14.20"
"Nov 24, 2015","$14.14","$14.32","$14.07","$14.20"
"Nov 23, 2015","$14.17","$14.21","$13.92","$14.14"
"Nov 20, 2015","$14.28","$14.42","$14.09","$14.19"
"Nov 19, 2015","$14.19","$14.41","$14.13","$14.29"
"Nov 18, 2015","$14.18","$14.27","$14.05","$14.19"
"Nov 17, 2015","$14.28","$14.31","$14.13","$14.18"
"Nov 16, 2015","$14.41","$14.46","$14.21","$14.28"
"Nov 13, 2015","$14.32","$14.40","$14.18","$14.26"
"Nov 12, 2015","$14.35","$14.51","$14.21","$14.33"
"Nov 11, 2015","$14.45","$14.55","$14.27","$14.34"
"Nov 10, 2015","$14.59","$14.61","$14.31","$14.44"
"Nov 09, 2015","$14.74","$14.81","$14.45","$14.60"
"Nov 06, 2015","$15.01","$15.09","$14.72","$14.79"
"Nov 05, 2015","$15.11","$15.13","$14.95","$15.02"
"Nov 04, 2015","$15.30","$15.36","$15.06","$15.10"
"Nov 03, 2015","$15.42","$15.48","$15.23","$15.30"
"Nov 02, 2015","$15.53","$15.57","$15.27","$15.42"
"Oct 30, 2015","$15.57","$15.68","$15.50","$15.57"
"Oct 29, 2015","$15.93","$16.02","$15.55","$15.58"
"Oct 28, 2015","$15.90","$16.37","$15.74","$15.93"
"Oct 27, 2015","$15.88","$15.96","$15.79","$15.90"
"Oct 26, 2015","$15.83","$15.99","$15.78","$15.88"
"Oct 23, 2015","$15.84","$16.09","$15.73","$15.82"
"Oct 22, 2015","$15.67","$15.92","$15.66","$15.85"
"Oct 21, 2015","$15.89","$15.96","$15.64","$15.68"
"Oct 20, 2015","$15.86","$15.99","$15.76","$15.89"
"Oct 19, 2015","$16.00","$16.05","$15.76","$15.85"
"Oct 16, 2015","$16.13","$16.16","$15.95","$16.06"
"Oct 15, 2015","$16.14","$16.20","$15.93","$16.14"
"Oct 14, 2015","$15.95","$16.22","$15.80","$16.13"
"Oct 13, 2015","$15.81","$16.09","$15.64","$15.95"
"Oct 12, 2015","$15.81","$16.09","$15.80","$15.88"
"Oct 09, 2015","$15.71","$16.03","$15.62","$15.86"
"Oct 08, 2015","$16.08","$16.09","$15.40","$15.72"
"Oct 07, 2015","$15.92","$16.12","$15.84","$16.08"
"Oct 06, 2015","$15.64","$16.11","$15.59","$15.92"
"Oct 05, 2015","$15.26","$15.73","$15.12","$15.64"
"Oct 02, 2015","$14.55","$15.33","$14.41","$15.26"
"Oct 01, 2015","$14.54","$14.71","$14.48","$14.57"
"Sep 30, 2015","$14.63","$14.76","$14.48","$14.55"
"Sep 29, 2015","$14.59","$14.74","$14.50","$14.63"
"Sep 28, 2015","$15.12","$15.14","$14.50","$14.59"
"Sep 25, 2015","$15.09","$15.20","$14.97","$15.10"
"Sep 24, 2015","$14.80","$15.21","$14.78","$15.09"
"Sep 23, 2015","$15.22","$15.26","$14.71","$14.80"
"Sep 22, 2015","$15.22","$15.26","$14.71","$14.81"
"Sep 21, 2015","$15.18","$15.27","$15.10","$15.21"
"Sep 18, 2015","$15.16","$15.45","$15.04","$15.18"
"Sep 17, 2015","$14.91","$15.28","$14.80","$15.16"
"Sep 16, 2015","$14.40","$14.96","$14.36","$14.91"
"Sep 15, 2015","$14.45","$14.57","$14.30","$14.40"
"Sep 14, 2015","$14.56","$14.63","$14.37","$14.43"
"Sep 11, 2015","$14.74","$14.78","$14.30","$14.61"
"Sep 10, 2015","$14.61","$14.88","$14.58","$14.74"
"Sep 09, 2015","$14.80","$14.95","$14.51","$14.62"
"Sep 08, 2015","$14.55","$14.91","$14.47","$14.80"
"Sep 07, 2015","$14.66","$14.69","$14.49","$14.54"
"Sep 04, 2015","$14.74","$14.82","$14.51","$14.58"
"Sep 03, 2015","$14.68","$14.97","$14.58","$14.75"
"Sep 02, 2015","$14.63","$14.84","$14.45","$14.69"
"Sep 01, 2015","$14.63","$14.78","$14.53","$14.63"
"Aug 31, 2015","$14.57","$14.71","$14.42","$14.63"
"Aug 28, 2015","$14.54","$14.70","$14.39","$14.60"
"Aug 27, 2015","$14.15","$14.62","$14.12","$14.54"
"Aug 26, 2015","$14.71","$14.78","$13.99","$14.13"
"Aug 25, 2015","$14.82","$14.97","$14.59","$14.71"
"Aug 24, 2015","$15.37","$15.41","$14.62","$14.76"
"Aug 21, 2015","$15.57","$15.67","$15.15","$15.33"
"Aug 20, 2015","$14.88","$15.61","$14.84","$15.57"
"Aug 19, 2015","$14.88","$15.37","$14.84","$15.31"
"Aug 18, 2015","$15.31","$15.37","$14.74","$14.88"
"Aug 17, 2015","$15.26","$15.42","$15.22","$15.31"
"Aug 14, 2015","$15.40","$15.63","$15.18","$15.26"
"Aug 13, 2015","$15.58","$15.59","$15.30","$15.40"
"Aug 12, 2015","$15.34","$15.61","$15.17","$15.57"
"Aug 11, 2015","$15.30","$15.42","$15.12","$15.34"
"Aug 10, 2015","$14.79","$15.41","$14.75","$15.30"
"Aug 07, 2015","$14.68","$15.04","$14.62","$14.82"
"Aug 06, 2015","$14.62","$14.79","$14.49","$14.68"
"Aug 05, 2015","$14.59","$14.73","$14.51","$14.59"
"Aug 04, 2015","$14.49","$14.67","$14.40","$14.60"
"Aug 03, 2015","$14.78","$14.80","$14.44","$14.49"
"Jul 31, 2015","$14.75","$15.01","$14.56","$14.80"
"Jul 30, 2015","$14.85","$14.87","$14.61","$14.76"
"Jul 29, 2015","$14.70","$14.92","$14.64","$14.84"
"Jul 28, 2015","$14.58","$14.73","$14.56","$14.70"
"Jul 27, 2015","$14.68","$14.79","$14.54","$14.58"
"Jul 24, 2015","$14.68","$14.72","$14.38","$14.57"
"Jul 23, 2015","$14.82","$14.99","$14.59","$14.68"
"Jul 22, 2015","$14.88","$14.91","$14.66","$14.82"
"Jul 21, 2015","$14.66","$14.97","$14.66","$14.88"
"Jul 20, 2015","$14.88","$15.03","$14.56","$14.68"
"Jul 17, 2015","$15.03","$15.07","$14.86","$14.88"
"Jul 16, 2015","$15.12","$15.19","$14.92","$15.03"
"Jul 15, 2015","$15.49","$15.51","$15.01","$15.13"
"Jul 14, 2015","$15.48","$15.51","$15.29","$15.38"
"Jul 13, 2015","$15.66","$15.68","$15.32","$15.49"
"Jul 10, 2015","$15.42","$15.67","$15.39","$15.59"
"Jul 09, 2015","$15.10","$15.59","$15.05","$15.44"
"Jul 08, 2015","$15.11","$15.28","$14.76","$15.11"
"Jul 07, 2015","$15.72","$15.74","$14.70","$15.10"
"Jul 06, 2015","$15.76","$15.86","$15.55","$15.72"
"Jul 03, 2015","$15.67","$15.74","$15.62","$15.71"
"Jul 02, 2015","$15.58","$15.81","$15.51","$15.67"
"Jul 01, 2015","$15.74","$15.75","$15.55","$15.60"
"Jun 30, 2015","$15.78","$15.89","$15.48","$15.75"
"Jun 29, 2015","$15.97","$16.01","$15.69","$15.76"
"Jun 26, 2015","$15.90","$15.93","$15.55","$15.81"
"Jun 25, 2015","$15.92","$15.98","$15.78","$15.88"
"Jun 24, 2015","$15.84","$15.95","$15.78","$15.91"
"Jun 23, 2015","$16.18","$16.22","$15.76","$15.84"
"Jun 22, 2015","$16.12","$16.27","$16.05","$16.19"
"Jun 19, 2015","$16.21","$16.24","$15.95","$16.10"
"Jun 18, 2015","$16.11","$16.47","$16.08","$16.22"
"Jun 17, 2015","$16.03","$16.27","$15.93","$16.11"
"Jun 16, 2015","$16.11","$16.17","$15.90","$16.03"
"Jun 15, 2015","$16.08","$16.28","$15.87","$16.11"
"Jun 12, 2015","$16.05","$16.08","$15.85","$15.97"
"Jun 11, 2015","$16.03","$16.09","$15.84","$16.05"
"Jun 10, 2015","$15.97","$16.25","$15.97","$16.05"
"Jun 09, 2015","$15.97","$16.20","$15.95","$15.98"
"Jun 08, 2015","$16.07","$16.17","$15.94","$15.96"
"Jun 05, 2015","$16.14","$16.23","$15.99","$16.12"
"Jun 04, 2015","$16.48","$16.55","$16.10","$16.16"
"Jun 03, 2015","$16.81","$16.83","$16.43","$16.48"
"Jun 02, 2015","$16.75","$16.86","$16.65","$16.81"
"Jun 01, 2015","$16.76","$17.19","$16.61","$16.75"
"May 29, 2015","$16.73","$16.82","$16.67","$16.75"
"May 28, 2015","$16.69","$16.79","$16.56","$16.72"
"May 27, 2015","$16.75","$16.83","$16.61","$16.69"
"May 26, 2015","$17.12","$17.15","$16.66","$16.76"
"May 25, 2015","$17.07","$17.19","$17.02","$17.11"
"May 22, 2015","$17.18","$17.34","$16.97","$17.12"
"May 21, 2015","$17.12","$17.26","$17.03","$17.18"
"May 20, 2015","$17.13","$17.28","$16.95","$17.12"
"May 19, 2015","$17.73","$17.74","$16.89","$17.13"
"May 18, 2015","$17.61","$17.79","$17.47","$17.74"
"May 15, 2015","$17.51","$17.59","$17.22","$17.49"
"May 14, 2015","$17.16","$17.59","$17.07","$17.51"
"May 13, 2015","$16.53","$17.23","$16.50","$17.16"
"May 12, 2015","$16.30","$16.60","$16.15","$16.53"
"May 11, 2015","$16.47","$16.57","$16.22","$16.29"
"May 08, 2015","$16.33","$16.55","$16.28","$16.47"
"May 07, 2015","$16.56","$16.58","$16.19","$16.32"
"May 06, 2015","$16.60","$16.67","$16.40","$16.56"
"May 05, 2015","$16.45","$16.73","$16.36","$16.59"
"May 04, 2015","$16.19","$16.74","$16.15","$16.45"
"May 01, 2015","$16.14","$16.28","$15.92","$16.17"
"Apr 30, 2015","$16.59","$16.74","$15.82","$16.12"
"Apr 29, 2015","$16.62","$16.73","$16.43","$16.59"
"Apr 28, 2015","$16.40","$16.70","$16.32","$16.62"
"Apr 27, 2015","$15.76","$16.50","$15.74","$16.39"
"Apr 24, 2015","$15.88","$15.94","$15.62","$15.74"
"Apr 23, 2015","$15.80","$15.96","$15.76","$15.88"
"Apr 22, 2015","$16.03","$16.13","$15.70","$15.81"
"Apr 21, 2015","$15.96","$16.22","$15.91","$16.04"
"Apr 20, 2015","$16.31","$16.39","$15.88","$15.96"
"Apr 17, 2015","$16.30","$16.54","$16.23","$16.27"
"Apr 16, 2015","$16.35","$16.52","$16.14","$16.31"
"Apr 15, 2015","$16.18","$16.41","$16.09","$16.34"
"Apr 14, 2015","$16.28","$16.38","$16.01","$16.18"
"Apr 13, 2015","$16.47","$16.54","$16.27","$16.27"
"Apr 10, 2015","$16.21","$16.69","$16.18","$16.48"
"Apr 09, 2015","$16.49","$16.51","$16.14","$16.20"
"Apr 08, 2015","$16.86","$16.93","$16.40","$16.50"
"Apr 07, 2015","$16.97","$17.00","$16.75","$16.86"
"Apr 06, 2015","$17.06","$17.33","$16.95","$16.96"
"Apr 03, 2015","$16.79","$16.79","$16.76","$16.77"
"Apr 02, 2015","$16.94","$17.02","$16.60","$16.78"
"Apr 01, 2015","$16.65","$17.09","$16.53","$16.94"
"Mar 31, 2015","$16.74","$16.84","$16.45","$16.67"
"Mar 30, 2015","$16.94","$17.00","$16.64","$16.74"
"Mar 27, 2015","$17.10","$17.22","$16.87","$16.95"
"Mar 26, 2015","$16.97","$17.40","$16.93","$17.10"
"Mar 25, 2015","$16.97","$17.14","$16.86","$16.98"
"Mar 24, 2015","$17.00","$17.05","$16.82","$16.96"
"Mar 23, 2015","$16.81","$17.11","$16.63","$17.00"
"Mar 20, 2015","$16.15","$16.91","$16.10","$16.75"
"Mar 19, 2015","$15.94","$16.20","$15.84","$16.15"
"Mar 18, 2015","$15.57","$16.12","$15.46","$15.96"
"Mar 17, 2015","$15.64","$15.74","$15.39","$15.58"
"Mar 16, 2015","$15.61","$15.79","$15.51","$15.62"
"Mar 13, 2015","$15.60","$15.69","$15.49","$15.65"
"Mar 12, 2015","$15.54","$15.72","$15.42","$15.60"
"Mar 11, 2015","$15.64","$15.77","$15.30","$15.54"
"Mar 10, 2015","$15.76","$15.86","$15.62","$15.65"
"Mar 09, 2015","$15.89","$15.99","$15.74","$15.76"
"Mar 06, 2015","$16.23","$16.27","$15.78","$15.92"
"Mar 05, 2015","$16.25","$16.37","$16.15","$16.23"
"Mar 04, 2015","$16.35","$16.39","$16.09","$16.23"
"Mar 03, 2015","$16.42","$16.60","$16.09","$16.33"
"Mar 02, 2015","$16.63","$16.80","$16.36","$16.43"
"Feb 27, 2015","$16.61","$16.70","$16.43","$16.59"
"Feb 26, 2015","$16.54","$16.90","$16.52","$16.61"
"Feb 25, 2015","$16.42","$16.75","$16.41","$16.54"
"Feb 24, 2015","$16.35","$16.49","$16.11","$16.43"
"Feb 23, 2015","$16.24","$16.61","$16.10","$16.35"
"Feb 20, 2015","$16.42","$16.59","$16.20","$16.24"
"Feb 19, 2015","$16.54","$16.81","$16.36","$16.43"
"Feb 18, 2015","$16.52","$16.59","$16.29","$16.55"
"Feb 17, 2015","$17.30","$17.35","$16.30","$16.50"
"Feb 16, 2015","$17.33","$17.42","$17.28","$17.30"
"Feb 13, 2015","$16.89","$17.44","$16.86","$17.36"
"Feb 12, 2015","$16.84","$17.06","$16.64","$16.89"
"Feb 11, 2015","$16.91","$17.11","$16.74","$16.84"
"Feb 10, 2015","$17.02","$17.11","$16.74","$16.91"
"Feb 09, 2015","$16.76","$17.17","$16.72","$17.03"
"Feb 06, 2015","$17.25","$17.37","$16.57","$16.73"
"Feb 05, 2015","$17.40","$17.49","$16.94","$17.26"
"Feb 04, 2015","$17.29","$17.65","$17.18","$17.41"
"Feb 03, 2015","$17.22","$17.75","$17.08","$17.29"
"Feb 02, 2015","$17.18","$17.34","$17.01","$17.23"
"Jan 30, 2015","$17.00","$17.32","$16.82","$17.26"
"Jan 29, 2015","$17.99","$18.03","$16.75","$17.00"
"Jan 28, 2015","$18.06","$18.15","$17.93","$17.98"
"Jan 27, 2015","$17.93","$18.20","$17.69","$18.07"
"Jan 26, 2015","$18.38","$18.48","$17.86","$17.93"
"Jan 23, 2015","$18.32","$18.41","$18.13","$18.30"
"Jan 22, 2015","$18.11","$18.48","$17.93","$18.32"
"Jan 21, 2015","$17.93","$18.48","$17.90","$18.10"
"Jan 20, 2015","$17.68","$18.02","$17.63","$17.94"
"Jan 19, 2015","$17.79","$17.81","$17.61","$17.69"
"Jan 16, 2015","$17.02","$17.83","$16.90","$17.79"
"Jan 15, 2015","$16.86","$17.23","$16.70","$17.03"
"Jan 14, 2015","$17.07","$17.09","$16.55","$16.86"
"Jan 13, 2015","$16.57","$17.21","$16.57","$17.06"
"Jan 12, 2015","$16.64","$16.65","$16.43","$16.59"
"Jan 09, 2015","$16.39","$16.63","$16.19","$16.51"
"Jan 08, 2015","$16.58","$16.66","$16.31","$16.37"
"Jan 07, 2015","$16.45","$16.65","$16.31","$16.57"
"Jan 06, 2015","$16.15","$16.71","$16.12","$16.46"
"Jan 05, 2015","$15.76","$16.26","$15.73","$16.14"
"Jan 02, 2015","$15.83","$16.07","$15.55","$15.78"
"Jan 01, 2015","$15.71","$15.92","$15.69","$15.83"